Date[G],GMT Offset,Price,Bid Price,Ask Price,mid,indicator,ILS,ILE,ILP
2008-01-02,0.0,110.21816993464053,110.12305919003116,110.19096806853582,110.15701362928348,-0.000778816199376947,0.06790887850467267,0.05781045751634023,0.0016355140186915622
2008-01-03,0.0,109.18359813084112,109.23258470079189,109.29888807249571,109.2657363866438,0.0016327863499061147,0.0663033717038126,0.05528037383177576,0.000981595092024519
2008-01-04,0.0,108.80497872340425,108.75391206648011,108.82126727719834,108.78758967183921,-0.0009327567200881879,0.06735521071822292,0.051234042553191576,0.00017663043478244805
2008-01-08,0.0,109.43195067264574,109.3918980298409,109.44556714203281,109.41873258593685,-8.24334350012365e-05,0.05366911219190497,0.033699551569507685,0.0010989010989012706
2008-01-09,0.0,109.42375,109.3711892014519,109.424972323049,109.39808076225046,-0.0007259528130671506,0.053783121597096174,0.04067164179104565,0.00024111675126910477
2008-01-10,0.0,109.57436585365853,109.52752439580483,109.58566666666667,109.55659553123576,-0.0028271773825809393,0.058142270861833205,0.06380487804878165,0.0010062893081759898
2008-01-13,0.0,108.77,108.72425806451612,108.78890322580645,108.75658064516129,-0.0064516129032258064,0.06464516129032118,0.020000000000010232,0.06499999999999773
2008-01-14,0.0,107.96326086956522,108.04305677524763,108.09872817318492,108.07089247421628,-0.0013274788113958951,0.055671397937302185,0.02427536231883882,0.0006617647058825034
2008-01-15,0.0,107.15969387755102,107.32044441874807,107.37660037002776,107.34852239438791,-0.002389762565525748,0.05615595127967939,0.04818594104308519,0.001590909090909234
2008-01-16,0.0,106.61020481927712,106.62658432413713,106.68788266189542,106.65723349301628,0.001558351610296664,0.06129833775828249,0.045397590361445035,0.00021915584415592166
2008-01-17,0.0,107.2172131147541,107.13407756576719,107.19957773512476,107.16682765044598,0.0,0.06550016935757041,0.04770491803278741,0.00026315789473682714
2008-01-18,0.0,107.19408366533865,107.02424689154253,107.10821186753662,107.06622937953958,-0.0014157331035331774,0.08396497599409099,0.05657370517928316,8.670520231205988e-05
2008-01-21,0.0,106.03687969924813,105.9596045034642,106.13330687066976,106.04645568706697,-0.0067840646651270205,0.17370236720554294,0.1390601503759416,0.00011904761904751078
2008-01-22,0.0,106.36120418848168,106.29471116203571,106.38474625226773,106.33972870715172,0.00014322543683758235,0.09003509023202495,0.051308900523559374,0.0
2008-01-23,0.0,105.91797872340426,105.91344548084597,105.99439520151635,105.95392034118116,-0.004688747007182761,0.0809497206703911,0.11360372340425579,0.001280737704918091
2008-01-24,0.0,106.60321428571429,106.50388311206015,106.56554219663913,106.53471265434963,-0.0009284189026088571,0.06165908457896199,0.06303571428571395,0.0
2008-01-25,0.0,107.3907594936709,107.33770714716323,107.42565175162436,107.3816794493938,0.001473641905017081,0.08794460446111577,0.031930379746834825,0.0
2008-01-27,0.0,106.75699999999999,106.64697916666667,106.75207175925925,106.69952546296297,-0.0023148148148148147,0.10509259259259432,-0.929000000000002,0.0
2008-01-28,0.0,106.62673553719007,106.54206062401263,106.6180129344392,106.5800367792259,-0.0006417851500789889,0.07595231042654035,0.03615702479339007,0.0002045454545453977
2008-01-29,0.0,106.84558823529412,106.77732901570616,106.83103435329454,106.80418168450034,0.0010637632188223516,0.05370533758838613,0.025267379679144202,0.0006944444444443392
2008-01-30,0.0,106.95306629834255,106.91978520489019,106.9752380009056,106.94751160289789,-0.0001697985057731492,0.05545279601539532,0.06682320441989012,0.0007608695652174936
2008-01-31,0.0,106.34434250764525,106.33924524096116,106.39565445142881,106.367449846195,-0.0005795550800231822,0.056409210467656484,0.03903669724770595,0.0005415162454873338
2008-02-01,0.0,106.36146341463414,106.33263686023038,106.38889947749674,106.36076816886356,0.0008312551953449709,0.05626261726635804,0.05222560975609893,0.006690647482014336
2008-02-04,0.0,106.86405511811024,106.79619717792313,106.84647240390974,106.82133479091645,0.0015433232894833543,0.05027522598662435,0.030275590551179975,0.000906862745097911
2008-02-05,0.0,107.18829317269076,107.01459208093115,107.08901310779942,107.05180259436527,0.0007070597193516807,0.07442102686826928,0.047469879518072834,0.0009708737864077118
2008-02-06,0.0,106.57714566929134,106.45552689037002,106.61518846242244,106.53535767639623,-0.0014939094461043439,0.15966157205240164,0.08692913385826777,0.0005512820512819872
2008-02-07,0.0,106.81855932203389,106.59685937319968,106.67750662518723,106.63718299919346,0.0006337135614702154,0.08064725198755614,0.09090395480225782,0.0001655629139072283
2008-02-08,0.0,107.40649038461538,107.35657334188217,107.45703426658118,107.40680380423167,0.000284961174040037,0.1004609246990099,0.023461538461539807,0.0002307692307690209
2008-02-11,0.0,106.73945454545455,106.76949603665189,106.8614162606356,106.81545614864373,-0.00014544396771143918,0.09192022398371012,0.03450000000000014,0.0
2008-02-12,0.0,107.23467592592591,106.88274424984175,107.24102482942955,107.06188453963564,0.0022508264753464164,0.3582805795878173,0.28055555555555933,0.0
2008-02-14,0.0,108.232,108.14419465532949,108.2082380807774,108.17621636805345,-0.0009110233829334953,0.06404342544791948,0.030883720930233286,2.9069767441834026e-05
2008-02-15,0.0,107.75369458128078,107.75858024691358,107.84913113113113,107.80385568902236,-0.0008675342008675342,0.09055088421755096,0.05236453201970371,0.0005344827586206936
2008-02-20,0.0,107.94228448275862,107.89854380798933,107.97324601366743,107.93589491082838,0.00022223456858714373,0.07470220567809333,0.036400862068967324,0.0002638888888888857
2008-02-21,0.0,107.93297935103244,107.80198062654576,107.94528795194913,107.87363428924745,0.00041220115416323167,0.1433073254033689,0.035634218289086673,0.0007261904761905601
2008-02-22,0.0,107.03047348484847,107.05589944170345,107.20710724487147,107.13150334328746,0.0007790184367696703,0.15120780316800883,0.034981060606061626,8.19672131147572e-05
2008-02-27,0.0,106.49470982142857,106.52073019650922,106.66770261198585,106.59421640424753,0.0007323324789454412,0.14697241547662668,0.1068749999999991,0.001032258064516107
2008-02-28,0.0,105.79006048387097,105.87872264509991,105.96697252616556,105.92284758563272,-0.0022597526165556614,0.08824988106565197,0.03782258064516047,0.0
2008-02-29,0.0,104.23167820069204,104.3177638618677,104.44426994163423,104.38101690175097,-0.0004377431906614786,0.12650607976653697,0.050951557093426865,0.00048809523809526786
2008-03-02,0.0,103.11,103.07948529411765,103.14801470588235,103.11375,-0.014705882352941176,0.06852941176470584,0.030000000000001137,0.0
2008-03-04,0.0,103.02860892388452,103.07187087602595,103.15964513706346,103.11575800654471,-0.0026286143447239955,0.08777426103749814,0.0200000000000018,0.00011111111111111532
2008-03-06,0.0,103.22069069069069,103.18157955865273,103.5429393147503,103.3622594367015,-0.003077816492450639,0.36135975609756055,0.14938438438438406,0.0011132812500001532
2008-03-07,0.0,102.47397489539749,102.35875654450263,102.44992340508047,102.40433997479155,-0.0010665115377157261,0.09116686057785538,0.043870292887028754,0.0029103535353536877
2008-03-10,0.0,102.02352747252748,102.0165986662625,102.0749411943013,102.0457699302819,0.004668081236738406,0.05834252803879957,0.02706593406593431,0.0009141274238227493
2008-03-11,0.0,102.81871733966746,102.58576813101118,102.64318105016895,102.61447459059008,0.001776275885971753,0.057412919157785174,0.028942992874109133,0.0002659574468083551
2008-03-12,0.0,102.51241050119332,102.49230097732233,102.58723906442738,102.53977002087484,-0.004412183319100484,0.09493808710503827,0.034057279236276806,0.000864197530864201
2008-03-13,0.0,100.56799196787149,100.51698649507468,100.68821703209406,100.60260176358436,0.001334604385128694,0.1712305370193836,0.09842369477911599,0.002654569892473034
2008-03-14,0.0,100.20101423487544,100.19775566028409,100.28052598622418,100.23914082325413,-0.0003954783640378341,0.08277032594008504,0.047428825622774236,0.00046743697478987897
2008-03-16,0.0,98.691,98.50839011356045,98.6544321977288,98.58141115564462,0.005344021376085505,0.14604208416833678,0.09000000000000626,0.0
2008-03-18,0.0,98.23572198275862,97.85629232798944,97.9702840522928,97.91328819014113,0.000799584216207572,0.11399172430336244,0.055431034482758004,0.0012499999999998782
2008-03-19,0.0,99.10085585585585,99.12342810340913,99.22924600214084,99.17633705277498,-0.00012974796457880568,0.10581789873171327,0.06902027027027094,0.00035620052770453647
2008-03-21,0.0,99.49538461538462,98.63315850277264,99.55987523105361,99.09651686691313,0.003234750462107209,0.9267167282809575,0.597692307692302,0.0
2008-03-24,0.0,100.31419117647059,100.16517455352638,100.33628291796994,100.25072873574817,0.0028251437796387854,0.17110836444354757,0.2669117647058837,0.0
2008-03-25,0.0,100.22588888888889,100.25447805670942,100.33877867076033,100.29662836373488,0.0,0.08430061405092988,0.04758333333333332,6.289308176103846e-05
2008-03-26,0.0,99.3505412371134,99.45846581875993,99.55331951188072,99.50589266532033,-0.0015468568727710222,0.09485369312078393,0.03963917525773239,0.00030487804878047046
2008-03-27,0.0,99.5958424908425,99.41207665546088,99.5195115706356,99.46579411304823,0.0010554295989367525,0.1074349151747323,0.17018315018314958,3.232758620680589e-05
2008-03-28,0.0,99.75624497991969,99.72997225359721,99.83551564111379,99.7827439473555,0.0011294995825762413,0.10554338751657419,0.05700803212851586,0.00033333333333334595
2008-03-31,0.0,99.60706467661691,99.4027505399568,99.650123650108,99.52643709503239,0.002483801295896328,0.24737311015118646,0.11236318407960118,0.0010967741935483065
2008-04-01,0.0,101.01350446428572,100.81609677817553,100.96803697074435,100.89206687445994,0.004197012714479694,0.15194019256881833,0.0873214285714301,0.00010355029585797807
2008-04-02,0.0,102.1889090909091,101.90268067906224,102.19430234438157,102.04849151172192,0.0008892481810832659,0.29162166531932193,0.14272727272727434,0.0022137404580152066
2008-04-03,0.0,102.50657509157509,102.49001085540598,102.63032973295702,102.5601702941815,0.0026595744680851063,0.14031887755102093,0.05135531135531181,0.0027314814814812997
2008-04-04,0.0,101.98317204301075,102.04645689149561,102.21360469208211,102.13003079178885,-0.001407624633431085,0.1671478005865104,0.125618279569893,0.0003973509933775926
2008-04-07,0.0,102.56460227272727,102.21033495866017,102.83330665677337,102.52182080771678,0.002331990672037312,0.6229716981132065,0.21102272727272656,0.00014084507042240712
2008-04-08,0.0,102.32835164835164,101.96179773209184,102.48195537936756,102.22187655572971,-0.00046095694662118557,0.5201576472757422,0.1876373626373622,0.0
2008-04-09,0.0,102.21372832369941,102.16372281335742,102.33097102322158,102.2473469182895,-0.005420598273439069,0.1672482098641507,0.05705202312138748,0.00017578125000006217
2008-04-10,0.0,100.84578313253012,100.62940047319317,101.30542632025356,100.96741339672336,-0.00022320432123565913,0.6760258470603989,0.2593975903614449,0.004663978494623616
2008-04-11,0.0,101.28157303370786,101.09867553308419,101.55454055836447,101.32660804572434,-0.0020224225104418553,0.4558650252802824,0.21210674157303497,7.633587786263447e-05
2008-04-15,0.0,101.28688118811881,101.04181238100139,101.36924972984099,101.20553105542119,0.0007204240209952144,0.3274373488396031,0.07410891089108952,0.00042613636363637977
2008-04-16,0.0,101.39937499999999,101.31036631167362,101.52862967536143,101.41949799351751,0.0003086896125945362,0.2182633636878114,0.045927419354841174,0.00042452830188687555
2008-04-17,0.0,102.26566489361701,102.09592989940151,102.28500159174838,102.19046574557494,0.0006366993505666624,0.18907169234687393,0.03148936170212941,0.000486577181208088
2008-04-18,0.0,103.85862068965517,103.33729998430223,103.4873648684004,103.41233242635131,0.003348856679399299,0.15006488409816363,0.08650000000000013,0.0018130630630630784
2008-04-21,0.0,103.42281690140845,103.37525594030241,103.46666524841265,103.42096059435752,-0.0020291942135235975,0.09140930811023068,0.03293427230046822,0.0003691275167785693
2008-04-22,0.0,103.13270325203253,103.01613341836735,103.19422193877551,103.10517767857142,0.001530612244897959,0.17808852040816356,0.0573170731707303,0.0005250000000000909
2008-04-23,0.0,103.31782608695653,103.21521555527544,103.30288289423926,103.25904922475733,0.0021429471826547334,0.08766733896382214,0.03793478260869863,0.00018595041322308882
2008-04-25,0.0,104.41416167664671,104.08890946000811,104.689233455136,104.38907145757207,-0.004628501827040195,0.6003239951278923,0.25455089820359245,0.004461206896551587
2008-04-29,0.0,103.79086021505375,103.85463046818145,104.10910164146519,103.98186605482333,0.00048516212501010755,0.2544711732837374,0.08653225806451598,0.0001282051282051027
2008-04-30,0.0,104.29108000000001,104.22046689854389,104.34395861581089,104.28221275717739,0.0006484701998467253,0.1234917172669934,0.05063999999999919,0.0
2008-05-02,0.0,105.10405440414507,105.0218241851448,105.12081091724221,105.0713175511935,0.005573730764570459,0.09898673209741991,0.047020725388598916,0.0034581497797356677
2008-05-05,0.0,105.16906,105.13878946289464,105.21091174661747,105.17485060475605,-0.006355063550635506,0.07212228372283758,0.04417999999999927,1.7241379310525158e-05
2008-05-06,0.0,104.62432692307692,104.54803727926749,104.8204839764552,104.68426062786135,-0.0015696533682145193,0.2724466971877049,0.09708333333333485,0.0
2008-05-07,0.0,105.18262931034482,105.07040718066449,105.20017600918308,105.1352915949238,-0.0016580575218417192,0.12976882851858954,0.02663793103448193,0.0006182795698925221
2008-05-08,0.0,104.01951672862454,103.96397416132214,104.07290577207696,104.01843996669956,0.00092501233349778,0.10893161075481009,0.03107806691450041,8.454106280192413e-05
2008-05-12,0.0,103.74971177944863,103.70602151101784,103.79272980062959,103.74937565582373,0.008919202518363064,0.08670828961175278,0.03676691729323305,0.0012731481481480429
2008-05-13,0.0,104.28984790874524,104.05875183661475,104.12106266529533,104.08990725095504,0.005509844255069057,0.0623108286805761,0.03340304182509548,0.0001179245283019136
2008-05-14,0.0,105.19625,105.15310886520928,105.20924310666813,105.18117598593871,0.0015379545204877512,0.056134241458859827,0.023885869565218296,0.0002637130801687164
2008-05-15,0.0,104.8176712328767,104.76513254786451,104.95716985763377,104.86115120274914,-0.010309278350515464,0.19203730976926903,0.07753424657534384,0.002801418439716586
2008-05-16,0.0,104.24734972677595,104.27237522281641,104.37102090422945,104.32169806352293,-0.005671690163668773,0.09864568141306101,0.03654371584699516,0.0004554655870445229
2008-05-19,0.0,104.26204244031831,104.20051510859302,104.3245207743154,104.26251794145419,0.009159584513692162,0.1240056657223798,0.012732095490715608,0.0005088495575220384
2008-05-22,0.0,103.75682130584192,103.10316212691974,104.0803412054477,103.59175166618371,0.02535496957403651,0.9771790785279629,0.335584192439862,0.005709876543209859
2008-05-26,0.0,103.39630434782607,103.07734547089233,104.26753540121376,103.67244043605305,-0.0011238480557428637,1.1901899303214198,0.4160869565217351,0.0
2008-05-28,0.0,104.78975609756097,104.37869403923541,104.94612927565392,104.66241165744466,-0.0016348088531187124,0.5674352364185108,0.15081300813008025,0.001565934065933891
2008-05-29,0.0,105.33537946428571,104.95853135511773,105.33351453628063,105.14602294569919,0.0016818837097549255,0.37498318116290086,0.0575223214285752,0.0015530303030300747
2008-05-30,0.0,105.48994845360825,105.40802089799297,105.58316573556797,105.49559331678047,0.0004138216428719222,0.1751448375750047,0.06172680412371102,0.0005839416058392999
2008-06-02,0.0,104.52282094594595,104.65707711996438,104.8182595148008,104.7376683173826,0.0042288003561095034,0.161182394836413,0.07406250000000057,0.0042554858934170225
2008-06-03,0.0,105.01064176245211,104.3935609390074,104.74079590524173,104.56717842212456,-0.003001393504126916,0.3472349662343245,0.11731800766284174,0.00027559055118124337
2008-06-04,0.0,104.97856783919599,104.91998696632379,105.02908200648162,104.9745344864027,0.0004931661265323376,0.10909504015781316,0.015929648241205397,0.00028787878787861216
2008-06-05,0.0,105.89492424242424,105.6681556954189,106.0053007635163,105.8367282294676,-0.0020635575732562937,0.3371450680974025,0.14863636363636323,0.0018689320388349073
2008-06-06,0.0,105.77051829268294,105.84225247827683,106.03807673479378,105.9401646065353,0.0036715212336311345,0.19582425651695107,0.10042682926829025,0.00641025641025641
2008-06-10,0.0,106.9520218579235,106.80977851877851,107.11122674622675,106.96050263250264,0.0011934011934011935,0.30144822744822675,0.12478142076502628,0.0
2008-06-11,0.0,107.10229268292683,107.05784286698828,107.2987359814548,107.17828942422155,-6.26527159952384e-05,0.24089311446651265,0.08956097560975658,0.0
2008-06-13,0.0,108.07382575757576,107.98218350545244,108.11036939409257,108.04627644977252,0.0012999205604101972,0.1281858886401381,0.07367424242424109,0.0008653846153846482
2008-06-16,0.0,108.2272,108.17769680698053,108.25356410010546,108.21563045354301,0.0042190046984370505,0.07586729312493995,0.017900000000001342,0.0004130434782609882
2008-06-17,0.0,108.10127906976744,107.26767511013216,108.08944823788546,107.6785616740088,-0.011674008810572687,0.8217731277533059,-0.19007751937984504,3.012048192768345e-05
2008-06-18,0.0,108.02549586776858,107.84963128176172,108.04626086956522,107.94794607566347,0.0014680971202710334,0.19662958780349996,0.0659504132231383,0.0005693069306931144
2008-06-19,0.0,107.88345794392524,107.33768011083744,108.0249486863711,107.68131439860427,-0.0003078817733990148,0.6872685755336603,0.16920560747663355,0.0
2008-06-20,0.0,107.44301169590643,107.2515863986313,107.80607100085543,107.52882869974337,-0.004704875962360992,0.5544846022241235,0.15043859649122804,0.0001346153846153715
2008-06-24,0.0,107.76768436578172,107.63170039641143,107.98748487377426,107.80959263509284,0.0006259127894846651,0.35578447736282215,0.4460471976401167,0.16071614583333305
2008-06-25,0.0,108.03814039408867,107.9198663221748,108.02665243765446,107.97325937991462,0.0024713547517411817,0.10678611547966727,0.026416256157635383,0.0005136986301369084
2008-06-26,0.0,107.36363354037266,106.9103904418395,107.52980432822363,107.22009738503155,0.0003606853020739405,0.6194138863841288,0.12324534161490464,0.0006598984771574094
2008-06-27,0.0,106.36868,106.2642717647059,106.60356470588236,106.43391823529413,0.0027058823529411765,0.339292941176471,0.13534666666666886,0.00036919831223625096
2008-06-30,0.0,105.90369085173502,105.73528779566509,105.88571409299396,105.81050094432952,0.011242018167101358,0.15042629732889587,0.059006309148265115,0.0016078838174273977
2008-07-01,0.0,105.60713235294118,105.4466134468689,106.05178774170658,105.74920059428774,0.0033705871917686712,0.6051742948376813,0.20058823529411815,0.030708955223880664
2008-07-02,0.0,106.24951048951048,106.0074388171312,106.27977339678223,106.14360610695672,0.0018128257421255382,0.27233457965103147,0.12321678321678185,0.006021505376344034
2008-07-03,0.0,106.54619289340101,106.21585753995831,106.5207275886032,106.36829256428075,-0.007644197359277276,0.30487004864489176,0.11119289340101494,0.001408450704225172
2008-07-04,0.0,106.74428571428572,106.60072178871548,106.91221488595438,106.75646833733494,0.0,0.311493097238895,0.23607142857142907,0.0
2008-07-07,0.0,107.15316062176167,107.26133279483037,107.38211025848142,107.3217215266559,-0.0020193861066235864,0.1207774636510507,0.046036269430053976,0.0018243243243242014
2008-07-09,0.0,107.23171597633136,107.2211978109597,107.2691682371702,107.24518302406494,0.0012322412293418383,0.04797042621049618,0.03606508875739762,6.578947368415069e-05
2008-07-10,0.0,107.09697674418604,106.9994561594203,107.07791775362318,107.03868695652173,-0.004275362318840579,0.07846159420289868,0.04709302325581462,0.00019867549668874926
2008-07-11,0.0,106.18466265060242,106.49176778369224,106.54185095572223,106.51680936970723,-0.009738688603919672,0.05008317203000267,0.028445783132530683,0.0009504792332267898
2008-07-14,0.0,106.34529498525073,106.40445861530452,106.45181611140032,106.42813736335242,-0.0021473191046330036,0.04735749609578333,0.025147492625368077,0.0005329457364341747
2008-07-15,0.0,104.8644799270073,105.02486508377302,105.08940224937517,105.0571336665741,0.004628343978524484,0.06453716560214784,0.022718978102189657,0.00042635658914748657
2008-07-16,0.0,104.37669934640523,104.44649491272287,104.76699617287409,104.60674554279846,-0.001773546158872398,0.3205012601512179,0.14168845315904152,0.0036400651465799193
2008-07-18,0.0,106.65943493150685,106.53818541376911,106.60561934979137,106.57190238178025,0.004172461752433936,0.06743393602225309,0.029674657534247813,0.0013766519823789171
2008-07-21,0.0,106.86597222222221,106.77067288097216,106.85213940674768,106.81140614385991,0.005736281983545928,0.08146652577553042,0.016031746031744874,0.00012362637362633926
2008-07-22,0.0,106.91237163814182,106.69987165727572,106.77930641266434,106.73958903497004,0.016367051247652267,0.07943475538860577,0.02842298288508613,0.0005827067669173509
2008-07-23,0.0,107.73025,107.68735387935077,107.74119288863871,107.71427338399474,-0.0020639834881320948,0.053839009287925454,0.027874999999995455,0.00033422459893048126
2008-07-24,0.0,107.69155601659752,107.50638361638362,107.70330336330336,107.6048434898435,0.03762903762903763,0.19691974691974795,0.06908713692945836,0.0076590909090910484
2008-07-25,0.0,107.6376511627907,107.29742181728639,107.64455183452353,107.47098682590494,0.019945826151194286,0.34713001723713416,0.1738139534883724,0.0005701754385965959
2008-07-28,0.0,107.57525423728814,107.62485114300904,107.68162413609782,107.65323763955342,0.00531632110579479,0.056772993088782225,0.043008474576270606,0.0
2008-07-29,0.0,107.97154040404041,107.82618269733402,107.87548026659698,107.8508314819655,0.009409304756926294,0.04929756926293726,0.020378787878787,0.00154109589041092
2008-07-30,0.0,108.03967391304349,108.04070632190724,108.09423318704779,108.06746975447753,0.008777132012809868,0.053526865140552535,0.03496376811594627,0.001032608695652316
2008-07-31,0.0,108.03993421052633,107.9515046965318,108.0157074903661,107.98360609344894,0.008429672447013488,0.06420279383429707,0.03559210526315948,0.0031756756756756038
2008-08-01,0.0,107.53486413043478,107.60982736842105,107.67875789473683,107.64429263157895,0.024421052631578948,0.06893052631579023,0.1183152173913058,0.02182692307692263
2008-08-04,0.0,108.03429447852761,107.90956566854433,108.01140972428105,107.96048769641268,0.015713015120071155,0.10184405573673233,0.06687116564417146,0.0066847826086959055
2008-08-05,0.0,108.01676056338027,108.0876458440888,108.16018843572535,108.12391713990706,-0.007227671657201859,0.07254259163655151,0.13042253521126349,0.0021052631578944675
2008-08-06,0.0,109.0968281938326,109.19696153846154,109.2632967032967,109.23012912087913,0.02131868131868132,0.06633516483516505,0.06748898678414043,0.0026100628930818
2008-08-08,0.0,109.91747252747253,109.7481441048035,110.12122270742357,109.93468340611354,-0.07423580786026202,0.37307860262008746,0.23708791208791383,0.016764705882354413
2008-08-11,0.0,109.90701612903226,109.90685626249167,109.99546052631578,109.95115839440373,0.004996668887408394,0.08860426382411732,0.012983870967739753,0.007211538461538598
2008-08-14,0.0,109.60625899280576,109.42354091014447,109.65980684539905,109.54167387777177,0.0044039249014911535,0.2362659352545778,0.11780575539568203,0.0003738317757008602
2008-08-15,0.0,110.4102390438247,110.32037265229056,110.38709877770049,110.35373571499554,-0.00029812183245553017,0.06672612540991715,0.026733067729083924,0.00037414965986379864
2008-08-19,0.0,109.81832627118644,109.75932365415987,109.85618727569332,109.80775546492659,0.0022185970636215335,0.09686362153344227,0.064173728813559,0.0006764705882350968
2008-08-20,0.0,109.91168246445498,109.8955586179742,110.005325327296,109.9504419726351,-0.0008859139679102273,0.10976670932178327,0.09139810426540255,0.00027419354838703077
2008-08-21,0.0,108.56912828947368,108.46935605389115,108.54141597234532,108.50538601311823,-0.004254564793476334,0.07205991845417464,0.07909539473684028,0.00040540540540535676
2008-08-22,0.0,109.80596958174905,109.46130965048704,109.53007980682656,109.4956947286568,0.006302692968813948,0.06877015633952711,0.02266159695817191,0.0005645161290323864
2008-08-25,0.0,109.62848214285714,109.66365921450151,109.72123685800604,109.69244803625377,0.0029003021148036254,0.057577643504531796,0.036026785714287204,0.0001666666666665151
2008-08-26,0.0,109.66284810126582,109.6436562348766,109.7150225842878,109.67933940958218,-0.00016131634134537829,0.07136634941119543,0.03591772151898615,0.0
2008-08-27,0.0,109.25605555555556,109.25484408247121,109.37698033604813,109.31591220925966,0.0026414263702399295,0.12213625357693157,0.0596666666666683,0.000735294117647226
2008-08-28,0.0,109.25014705882353,109.18002337702153,109.38172530083546,109.28087433892848,-0.0015329194450831609,0.2017019238139034,0.0728431372548998,0.0
2008-08-29,0.0,108.74166666666666,108.77484765019797,108.86049793423996,108.81767279221896,0.00025822000344293336,0.08565028404200402,0.08098290598290521,0.00010752688172033231
2008-09-01,0.0,108.00686440677966,108.04463490742667,108.22393696692325,108.13428593717495,-0.0006240898689411275,0.1793020594965681,0.1588983050847477,0.009500000000000203
2008-09-02,0.0,108.77228624535316,108.54602245250432,108.62718307426599,108.58660276338514,0.0031088082901554403,0.08116062176165813,0.060185873605949534,0.00273809523809537
2008-09-03,0.0,108.47931271477663,108.42975683366387,108.66277226869018,108.54626455117703,-0.000603604380443218,0.2330154350262989,0.10333333333333419,0.0006117021276596229
2008-09-04,0.0,107.74690476190476,107.8480339954376,107.93305319089745,107.89054359316754,0.004339843097980304,0.08501919545985658,0.03969047619047433,0.0008148148148147054
2008-09-08,0.0,108.33161144578314,108.36001262322674,108.45256071170955,108.40628666746815,0.007694157249338783,0.0925480884828082,0.09697289156626496,0.000654506437768255
2008-09-09,0.0,107.38487878787879,107.51670562818525,107.71582317748727,107.61626440283625,-0.0009971194327498339,0.199117549302017,0.09174242424242185,0.0012438423645319385
2008-09-10,0.0,107.45051569506727,107.3595858722636,107.451624915369,107.40560539381629,-0.001749040848566915,0.09203904310539417,0.14199551569506597,0.0006168831168830172
2008-09-11,0.0,106.56496124031007,106.67599883517762,106.76012376237624,106.71806129877695,-0.0037274315666860802,0.08412492719860261,0.05226744186046605,0.0
2008-09-15,0.0,105.38127450980392,105.1272282099344,105.62614104967197,105.3766846298032,0.0018744142455482662,0.49891283973758244,0.23245098039215722,0.006704545454545386
2008-09-17,0.0,105.10577922077923,105.19701126307321,105.49773129525342,105.34737127916331,-0.002413515687851971,0.3007200321802098,0.04668831168831093,0.0
2008-09-18,0.0,104.80108778625953,104.7095761536215,104.96452212324766,104.83704913843458,-0.0032126168224299065,0.2549459696261687,0.1257061068702302,0.0019005102040816442
2008-09-19,0.0,107.41116279069769,107.57877748294162,107.76177217589083,107.67027482941623,0.0155420773313116,0.18299469294920595,0.23992248062015473,0.0
2008-09-22,0.0,106.25054945054944,105.93677247107682,106.08811925244734,106.01244586176209,-0.007416196974191634,0.1513467813705126,0.1191758241758251,0.0
2008-09-23,0.0,105.62933962264152,105.5514998588368,105.69371823828347,105.62260904856014,-0.000564652738565782,0.14221837944664092,0.11160377358490604,0.0
2008-09-24,0.0,105.85049382716049,105.82852771051924,106.00120796341135,105.9148678369653,-0.0004035512510088781,0.17268025289211833,0.10617283950617067,0.00024590163934450456
2008-09-25,0.0,106.10560975609756,106.17176308938386,106.35816652203259,106.26496480570822,-0.0005785363031530228,0.18640343264873258,0.15862804878048598,8.264462809921583e-05
2008-09-26,0.0,105.65854838709679,105.88801389594984,106.19090493136757,106.0394594136587,0.0035587188612099642,0.3028910354177258,0.13102150537634197,0.0
2008-09-29,0.0,105.58957627118644,104.30327118644068,104.6761186440678,104.48969491525423,0.005084745762711864,0.3728474576271195,0.11906779661017103,0.0
2008-09-30,0.0,104.8848,104.29642857142858,105.32557580174927,104.81100218658892,0.007871720116618075,1.0291472303207,0.5139333333333344,0.0
2008-10-01,0.0,105.8454347826087,106.06986434108528,106.29427325581396,106.18206879844962,0.001937984496124031,0.2244089147286819,0.25978260869565195,0.014117647058823228
2008-10-03,0.0,105.35329545454546,105.10228446050594,105.29343572534849,105.19786009292721,0.004130098089829634,0.19115126484253983,0.45704545454545614,0.07230769230769213
2008-10-06,0.0,102.27798657718121,102.28273722627736,102.79379562043796,102.53826642335767,0.0036496350364963502,0.5110583941605864,0.20151006711409591,0.12168367346938729
2008-10-07,0.0,102.21257225433527,101.61433467741935,102.1192439516129,101.86678931451613,0.018145161290322582,0.5049092741935488,0.26494219653179163,0.018522727272726962
2008-10-08,0.0,100.05527131782945,99.9926346911958,100.81417214191853,100.40340341655717,-0.08278580814717477,0.8215374507227345,0.4201550387596899,0.046823529411764916
2008-10-09,0.0,100.93058823529412,99.98796903460837,100.86032786885247,100.42414845173042,-0.009107468123861567,0.8723588342440814,0.5348128342246024,0.01942460317460344
2008-10-10,0.0,99.37114130434783,98.3293156424581,99.8840782122905,99.1066969273743,0.0013966480446927375,1.5547625698324026,0.380271739130434,0.0
2008-10-14,0.0,102.32309090909091,101.81580245789714,102.28219344560765,102.04899795175238,-0.0015475648611743287,0.4663909877105145,0.34883636363636417,0.01600247524752455
2008-10-15,0.0,101.18186520376176,101.04012270457814,101.25821782178218,101.14917026318017,-0.0005923669290005924,0.2180951172040274,0.14225705329153274,0.0007727272727272159
2008-10-16,0.0,100.78577039274923,100.61810158910329,100.86722663639803,100.74266411275066,-0.004351116155883465,0.2491250472947411,0.13815709969788387,0.000979591836734731
2008-10-20,0.0,101.73545180722891,101.53991535060014,101.77765129500948,101.65878332280481,0.004295641187618446,0.2377359444093493,0.1143373493975939,0.0
2008-10-21,0.0,100.68392857142857,100.66944444444445,101.49002222222222,101.07973333333332,-0.18666666666666668,0.8205777777777767,0.4755158730158752,0.024464285714285796
2008-10-23,0.0,97.23980861244019,97.14747945313735,98.38148372056266,97.76448158685001,-0.0033981349770823453,1.2340042674253198,0.6865071770334937,0.014218750000000068
2008-10-24,0.0,92.85304347826086,92.83456703910615,93.42761173184357,93.13108938547487,0.030726256983240222,0.5930446927374291,0.5692753623188365,0.017499999999998295
2008-10-27,0.0,93.4496682464455,93.35023324885157,93.55406858862663,93.45215091873911,-0.002772057658799303,0.2038353397750673,0.09590047393364895,0.001805555555555624
2008-10-28,0.0,95.44258333333333,95.46864039822479,95.63549298308745,95.5520666906561,-0.0009595777857742593,0.16685258486266058,0.07838888888888991,0.0007169117647058573
2008-10-30,0.0,98.44706422018348,98.16037870472009,98.85412001463592,98.50724935967801,0.01500182949140139,0.693741309915843,1.0724770642201846,0.0
2008-10-31,0.0,97.89420138888889,98.19149110420786,98.62136684552387,98.40642897486585,0.0045184975995481505,0.42987574131601214,0.2009722222222216,0.00019841269841263073
2008-11-03,0.0,98.89221518987341,98.68888515695647,98.85845885544502,98.77367200620075,0.007492572019118977,0.16957369848856815,0.09585443037974618,0.003560000000000059
2008-11-04,0.0,99.4785393258427,99.54700334238562,99.82421610612074,99.68560972425318,-0.0020889910173386254,0.27721276373511644,0.10733146067415708,5.434782608690709e-05
2008-11-05,0.0,98.9139,98.59957489878543,99.22372469635627,98.91164979757085,-0.06477732793522267,0.6241497975708521,0.27260000000000045,0.04351851851851789
2008-11-10,0.0,98.40677083333333,98.1613707611925,98.32059522589898,98.24098299354574,-0.00040979407847556605,0.15922446470648455,0.06937499999999848,0.002499999999999799
2008-11-11,0.0,97.67826923076925,97.51989827348626,97.79823701061848,97.65906764205236,-0.0009726837967090865,0.2783387371322032,0.07682692307692153,0.0
2008-11-13,0.0,96.0371052631579,95.57683962264151,96.1777358490566,95.87728773584907,0.2169811320754717,0.6008962264150939,0.3017543859649086,0.03277777777777797
2008-11-17,0.0,96.71618055555555,96.72930452674898,97.0337559354226,96.88153023108579,0.0010129787907565686,0.30445140867363035,0.07611111111111334,0.0010307017543860248
2008-11-18,0.0,96.76057971014492,96.81559996605567,97.01049601154108,96.91304798879837,-0.0011880515953835709,0.19489604548540462,0.13409420289855048,0.0
2008-11-19,0.0,96.62921965317919,96.47694400486914,96.62941631162508,96.5531801582471,0.0003651856360316494,0.15247230675593418,0.1138439306358368,0.0
2008-11-20,0.0,94.8773076923077,94.90320776699029,95.19897378640778,95.05109077669903,0.003592233009708738,0.2957660194174767,0.09195266272189563,0.00024305555555563055
2008-11-21,0.0,95.13515267175572,95.13782279206947,95.28685154841881,95.21233717024415,0.005652957561854826,0.1490287563493361,0.0652290076335866,0.00017857142857139304
2008-11-24,0.0,96.30985507246378,96.29757264626114,96.50091049980628,96.3992415730337,0.0021309569934134056,0.20333785354513711,0.09028985507246567,0.0005000000000001136
2008-11-25,0.0,95.78095833333333,95.523732042027,95.60967514830963,95.56670359516832,-0.0005717961546708598,0.08594310628261023,0.06358333333333377,0.0015596330275229515
2008-11-27,0.0,95.35363636363637,95.31415740462602,95.48962000600781,95.40188870531692,0.0015019525382997897,0.17546260138179726,0.22818181818181218,0.0
2008-11-28,0.0,95.4558064516129,95.43621722846441,95.60532090568609,95.52076906707525,0.003234593122233572,0.1691036772216546,0.09096774193549007,0.0
2008-12-01,0.0,93.8628125,93.59450085470085,94.05859572649574,93.8265482905983,-0.007521367521367521,0.464094871794871,0.2202916666666655,0.028086419753086577
2008-12-03,0.0,92.91350427350427,92.9174217946835,93.0250895873109,92.97125569099721,0.00044059333235423704,0.10766779262740422,0.08910256410256275,0.00017499999999998295
2008-12-04,0.0,92.69017094017094,92.6267824773414,92.73449788519638,92.68064018126888,0.0018126888217522659,0.10771540785498479,0.0429487179487163,4.761904761913965e-05
2008-12-05,0.0,92.03951807228916,92.00163908082918,92.11384380523862,92.0577414430339,0.00048208259681825486,0.11220472440944815,0.06734939759036217,0.0006159420289855649
2008-12-07,0.0,92.765,92.69467741935483,92.81758064516129,92.75612903225807,0.06451612903225806,0.12290322580645306,0.0700000000000216,0.0
2008-12-08,0.0,92.91918604651163,92.81342603211009,92.9168864678899,92.86515625,-0.00043004587155963305,0.10346043577981645,0.056511627906977564,0.0
2008-12-09,0.0,92.39015748031495,92.34280055274068,92.42884692154152,92.3858237371411,0.005066789497927222,0.08604636880085971,0.04555118110236173,0.00016355140186914295
2008-12-10,0.0,92.75583333333333,92.6902930428672,92.80996626844694,92.75012965565706,0.01040056219255095,0.11967322557976125,0.041794871794874046,0.0004090909090909246
2008-12-11,0.0,91.57234567901234,91.55545454545454,91.68081163517334,91.61813309031395,0.00074393691414968,0.12535708971879264,0.08425925925926052,0.0002692307692309616
2008-12-12,0.0,90.9123275862069,91.05372303496156,91.15870815769898,91.10621559633027,0.005950905033473841,0.10498512273741685,0.1319827586206882,0.0
2008-12-15,0.0,90.5622641509434,90.56552622061483,90.65785623869802,90.61169122965643,0.0009041591320072332,0.09233001808318306,0.05301886792452888,0.0009895833333330255
2008-12-16,0.0,89.6919827586207,89.62939764111205,89.77668010590926,89.70303887351065,0.0009628114093152004,0.14728246479720802,0.06172413793103494,0.005078125000000118
2008-12-18,0.0,89.25909090909092,89.15388864241348,89.45229813664595,89.30309338952972,0.0002957704821058858,0.29840949423247576,0.108484848484848,0.0
2008-12-19,0.0,89.43017857142857,88.30164356435644,89.4409603960396,88.87130198019801,0.015841584158415842,1.1393168316831674,0.4778571428571437,0.0
2008-12-30,0.0,90.30666666666667,90.26090225563911,90.30768796992481,90.28429511278196,0.007518796992481203,0.04678571428571319,0.00833333333333207,0.0
2008-12-31,0.0,90.72475247524753,90.69234785875281,90.7351652892562,90.7137565740045,0.015777610818933134,0.042817430503380646,0.014405940594060092,2.8735632183881912e-05
2009-01-02,0.0,91.14320987654321,91.21361023798832,91.2614795689268,91.23754490345758,0.003816793893129771,0.047869330938481516,0.018271604938272065,0.0007615894039732878
2009-01-05,0.0,93.14209999999999,93.16816324288696,93.21757332747445,93.19286828518071,-0.004613863561463254,0.04941008458749839,0.041275000000001255,0.00821212121212115
2009-01-06,0.0,94.1509589041096,94.12753659786269,94.18208058849363,94.15480859317816,0.00417215634606939,0.0545439906309473,0.03479452054794678,0.00019553072625696417
2009-01-07,0.0,92.76351351351352,92.72935681164054,92.77604573073233,92.75270127118645,-0.00047969299648225136,0.04668891909178126,0.023851351351351552,0.0001813471502591233
2009-01-08,0.0,91.17770661157026,91.13622566503194,91.20339835042354,91.16981200772776,0.0017833259028087382,0.06717268539158874,0.036363636363637,0.00022619047619033814
2009-01-09,0.0,90.77541666666666,90.64514007269992,90.72554618952118,90.68534313111056,0.0008774128854349461,0.08040611682125838,0.07598484848484892,0.0005084745762712057
2009-01-12,0.0,89.30231428571429,89.37265521683125,89.46200386431946,89.41732954057535,-8.587376556462001e-05,0.08934864748819225,0.07502857142856832,0.00047709923664143836
2009-01-13,0.0,89.3166554054054,89.40656503166888,89.48379069082338,89.44517786124614,0.002798644866696126,0.0772256591545147,0.041858108108107105,0.0
2009-01-14,0.0,89.14457386363637,89.05538892709767,89.12769325997249,89.09154109353508,0.0004126547455295736,0.07230433287482818,0.05332386363636407,5.357142857137985e-05
2009-01-15,0.0,89.54110759493672,89.43444411764706,89.50337780748663,89.46891096256685,0.0009625668449197861,0.06893368983957229,0.04012658227847887,0.0
2009-01-16,0.0,90.4861744966443,90.4469800320653,90.51422350969247,90.48060177087888,-0.0021133945488995775,0.06724347762716804,0.07567114093959716,0.00028017241379333865
2009-01-19,0.0,90.524875,90.39115364549367,90.49689904786749,90.44402634668057,0.0,0.10574540237380962,0.06550000000000082,0.0
2009-01-21,0.0,88.6748631840796,88.66427989965186,88.73812947982798,88.70120468973991,-0.002252713495801761,0.07384958017612128,0.06046019900497507,0.002772988505747177
2009-01-23,0.0,88.97632075471698,88.94442406230785,89.01453192252511,88.97947799241648,0.0030231604837056775,0.0701078602172577,0.07943396226415092,0.0
2009-01-26,0.0,89.1742857142857,89.14751220756504,89.24055498870345,89.19403359813424,0.0010932147802638291,0.09304278113840125,0.06399999999999999,0.00031914893617022484
2009-01-27,0.0,88.95121212121212,88.92290459012315,88.99042511506406,88.9566648525936,0.0005597711158104242,0.06752052494091305,0.08778787878788008,0.00024305555555563055
2009-01-28,0.0,89.71154135338347,89.73536743282615,89.81330171576562,89.77433457429588,0.0004532211071544189,0.07793428293946274,0.048045112781954356,0.00015624999999998477
2009-01-29,0.0,89.83833333333332,89.79461962249688,89.86393072722046,89.82927517485868,-0.0018204464884545367,0.06931110472357976,0.13214285714285923,0.0
2009-02-04,0.0,89.43389655172415,89.4314740221833,89.4839404553415,89.4577072387624,0.0023999481092300706,0.05246643315820197,0.025827586206893252,0.000280612244897994
2009-02-05,0.0,90.73899371069183,90.66163703215894,90.71852486005926,90.6900809461091,0.002798814619690484,0.05688782790034034,0.04660377358490582,0.00011363636363626028
2009-02-06,0.0,91.65943089430895,91.6852755871013,91.97337714686294,91.82932636698212,0.0009638976515948125,0.28810155976165486,0.12861788617886105,0.0
2009-02-09,0.0,91.58006993006994,91.52631156129932,91.58102340202585,91.55366748166259,0.00034928396786587494,0.054711840726510856,0.031993006993006716,0.0
2009-02-10,0.0,90.96854166666668,90.85791695335077,90.99498417503784,90.9264505641943,-0.0022017338654190177,0.13706722168707866,0.03949074074074022,0.0
2009-02-11,0.0,90.38903153153154,90.3296307555677,90.42139158354966,90.37551116955868,-0.001093045498018855,0.09176082798196435,0.02936936936937044,0.0002884615384616177
2009-02-13,0.0,91.72542307692308,91.75136866246211,91.81096322385126,91.78116594315668,-0.0008190679007289704,0.05959456138913846,0.024217948717949574,0.0004598662207358905
2009-02-16,0.0,91.770375,91.67758396226415,91.79455471698114,91.73606933962263,0.0007547169811320754,0.11697075471698198,0.07762500000000187,0.0033783783783783786
2009-02-17,0.0,92.28721682847896,92.26078924418604,92.31271438953488,92.28675181686047,-0.001380813953488372,0.05192514534883723,0.029093851132684825,0.0003600000000001273
2009-02-18,0.0,93.26183070866142,93.34858195323916,93.40640800048709,93.37749497686313,-0.00024354603019970775,0.05782604724793025,0.03234251968503994,0.0006666666666667551
2009-02-20,0.0,93.64098173515981,93.67094100729518,93.72565481200898,93.69829790965208,-0.0032968574635241304,0.05471380471380439,0.035593607305936144,0.0013202247191011205
2009-02-23,0.0,94.52003267973856,94.54423619032102,94.62351963500082,94.58387791266091,-8.147303242626691e-05,0.07928344467981091,0.13473856209150314,0.0002412280701754685
2009-02-24,0.0,96.139,96.47694381476684,96.52802177784974,96.50248279630829,8.095854922279793e-05,0.05107796308290186,0.0477297297297301,0.000187074829931996
2009-02-25,0.0,97.01180379746835,97.12229411313226,97.17131168930847,97.14680290122035,0.0006140148898610791,0.04901757617622223,0.03449367088607696,0.0005859375000000222
2009-02-26,0.0,98.22163690476191,98.21072956486375,98.26688694591297,98.23880825538836,-0.0004880032533550224,0.056157381049206784,0.09499999999999988,0.0
2009-02-27,0.0,97.59835365853658,97.62761609470792,97.68823902473399,97.65792755972095,-0.0007046719751955465,0.06062293002607264,0.04792682926829103,0.0011034482758620454
2009-03-02,0.0,97.40917910447762,97.41630285337602,97.46574159525379,97.4410222243149,-0.0008475374329032866,0.04943874187776628,0.07410447761194162,0.00019841269841342025
2009-03-03,0.0,98.21088607594936,98.25423407673408,98.30757749007749,98.28090578340579,0.0016065016065016065,0.05334341334341325,0.08924050632911011,0.0
2009-03-04,0.0,99.16877358490565,99.27341746327815,99.32955758918162,99.30148752622989,-0.00046630916297505244,0.05614012590347379,0.1730188679245246,0.004909638554217025
2009-03-05,0.0,98.76060975609757,98.4701180358829,98.59004780453257,98.53008292020775,0.0044853635505193576,0.11992976864966956,0.11182164634146392,0.016487804878048896
2009-03-06,0.0,97.62610795454545,97.65574533937955,97.77965450226733,97.71769992082343,-0.0017274886633556468,0.12390916288778533,0.09448863636363763,0.002009493670886047
2009-03-09,0.0,98.83246913580247,98.81331686376154,98.91108294184352,98.86219990280253,-0.0008099789405475458,0.0977660780819697,0.09432098765431941,0.0011702127659569872
2009-03-10,0.0,98.3451388888889,98.33183118197924,98.43511009870919,98.38347064034423,0.0010124019235636548,0.10327891672994144,0.04972222222222121,0.0
2009-03-11,0.0,97.66081632653061,97.44073763532158,97.78160263213755,97.61117013372956,-0.0031840373593716833,0.34086499681596233,0.09265306122449138,0.0
2009-03-12,0.0,97.27645631067962,96.80408741400242,97.62078915418859,97.21243828409551,0.010117361392148928,0.8167017401861598,0.4013592233009709,0.0025000000000003756
2009-03-16,0.0,98.29446153846155,98.25490295544772,98.38990810174974,98.32240552859874,0.0007351860020585208,0.13500514630201507,0.0700769230769223,0.0008510638297873671
2009-03-17,0.0,98.67166666666667,98.54267563969827,98.74096139624316,98.6418185179707,0.0015530247004880934,0.1982857565448907,0.08975308641975321,0.0
2009-03-18,0.0,98.09808219178082,97.96046004842616,98.17599230370115,98.06822617606365,0.0006053268765133172,0.21553225527499123,0.06486301369862799,0.0003571428571427579
2009-03-20,0.0,95.46215277777777,94.93706024744486,95.15221355567509,95.04463690155998,0.0026896180742334587,0.21515330823023035,0.12201388888889003,0.011666666666666672
2009-03-24,0.0,98.1347159090909,98.07825267930751,98.21167436108821,98.14496352019785,-0.000989282769991756,0.1334216817807095,0.06511363636363657,0.0
2009-03-26,0.0,98.47446428571428,98.45818475815523,98.59073818897637,98.5244614735658,0.0022497187851518562,0.13255343082114707,0.10910714285714514,0.0
2009-03-27,0.0,97.94685185185186,97.83851071692536,97.9710753880266,97.90479305247598,0.008130081300813009,0.13256467110125636,0.20500000000000093,0.0
2009-03-30,0.0,96.74266666666668,96.87934390377255,96.9692208857299,96.92428239475123,-0.004920721705850191,0.08987698195735427,0.08466666666666735,0.0
2009-03-31,0.0,98.73213414634147,98.53643540328336,98.71737044967881,98.62690292648108,0.002569593147751606,0.18093504639543265,0.2500609756097599,0.0
2009-04-01,0.0,98.7815625,98.69703417359668,98.89994412681912,98.7984891502079,0.0007796257796257797,0.20290995322245334,0.12320312500000075,0.008464912280701785
2009-04-03,0.0,99.81324561403508,99.42990524460114,99.66248567650948,99.54619546055531,0.0022036139268400176,0.23258043190833072,0.14649122807017934,0.0010416666666669034
2009-04-06,0.0,100.81232394366198,100.77126993006992,100.87380489510488,100.82253741258741,0.0012587412587412587,0.10253496503496495,0.06626760563380259,0.0
2009-04-07,0.0,100.42044871794872,100.2601563976564,100.52079616329615,100.39047628047628,-0.000756000756000756,0.26063976563976565,0.07019230769231126,0.0
2009-04-08,0.0,99.92036585365852,99.88703566651806,99.95973651359786,99.92338609005795,0.0017833259028087382,0.07270084707980336,0.07530487804877993,0.0
2009-04-09,0.0,100.41669811320754,100.34439038157598,100.39657823436441,100.3704843079702,0.0007902461052156243,0.05218785278843961,0.03556603773584674,0.0
2009-04-10,0.0,100.315,100.24575506445672,100.44612338858195,100.34593922651933,-0.001841620626151013,0.20036832412523028,0.2300000000000182,0.0
2009-04-13,0.0,100.25333333333333,100.22629099582588,100.3287045319022,100.27749776386403,-0.0005963029218843172,0.1024135360763263,0.08041666666666931,0.0
2009-04-14,0.0,99.25673228346456,99.10425965148742,99.15719312602292,99.13072638875518,0.0006739193222297102,0.052933474535477254,0.045472440944882384,0.00040094339622645265
2009-04-16,0.0,99.07006024096385,99.12966539884869,99.17938219572369,99.15452379728619,0.0013363486842105264,0.04971679687499996,0.031144578313255847,0.0
2009-04-17,0.0,99.147125,99.11959381519205,99.16688182599093,99.14323782059148,-0.0004908577739599951,0.04728801079887092,0.03075000000000152,0.0
2009-04-20,0.0,98.19816666666665,98.1626351686508,98.21448226686508,98.18855871775793,-0.00248015873015873,0.051847098214285355,0.059222222222222044,0.0
2009-04-21,0.0,98.3315625,98.30460916442048,98.37507845591067,98.33984381016558,0.0005775895263765884,0.07046929149018098,0.023281250000000586,0.003901869158878542
2009-04-22,0.0,97.958125,97.93620652466971,97.98940909499416,97.96280780983194,-0.0008987148377819717,0.05320257032443611,0.07723214285714265,0.00033132530120468916
2009-04-23,0.0,98.08421383647799,98.04219792708429,98.0923406673334,98.06726929720884,0.0002727520683698518,0.050142740249113846,0.03553459119496787,0.0003759398496241456
2009-04-24,0.0,97.07032085561498,97.08690065087687,97.17521876694992,97.1310597089134,-0.0031639848128728982,0.08831811607304324,0.009732620320856339,0.0016725352112675856
2009-04-28,0.0,96.152,96.1003987993139,96.31327186963979,96.20683533447684,0.012864493996569469,0.21287307032590175,0.2351000000000016,0.0
2009-04-29,0.0,97.13026785714285,97.04283478140945,97.19438491242587,97.11860984691768,0.0013791201213625708,0.15155013101641227,0.12428571428571493,0.0
2009-04-30,0.0,98.47608108108108,98.45640810419683,98.63207525325615,98.54424167872648,0.0,0.1756671490593352,0.2979729729729762,0.0004044117647059325
2009-05-05,0.0,98.91593220338983,98.82668482905983,99.25579487179488,99.04123985042735,0.003205128205128205,0.429110042735044,0.4711864406779677,0.10286585365853661
2009-05-06,0.0,98.56380952380952,98.50442016129033,98.54724193548387,98.52583104838709,0.0,0.042821774193548344,0.08291666666666772,0.0
2009-05-07,0.0,99.2097005988024,99.12067072628679,99.18965996977511,99.15516534803095,-0.0011556582807360654,0.06898924348830972,0.13829341317365132,0.026799363057324815
2009-05-11,0.0,97.53944444444446,97.51830578512396,97.55622649419092,97.53726613965745,0.00011977482333213559,0.03792070906695401,0.02888888888888759,0.0
2009-05-12,0.0,96.6682974137931,96.63094542592269,96.67851014518104,96.65472778555186,-0.0033234213748469478,0.04756471925835223,-0.024202586206896592,0.000543478260869766
2009-05-13,0.0,95.8656108597285,95.85582347297729,95.93116485449312,95.89349416373521,-0.003757595139110969,0.0753413815158301,0.07963800904977425,0.00022959183673477507
2009-05-14,0.0,95.59625,95.59709060853393,95.65492251265627,95.6260065605951,0.0004132658332472363,0.057831904122326826,0.039204545454544035,0.0014772727272726756
2009-05-15,0.0,95.17894285714284,95.15566698247275,95.21586736144008,95.18576717195641,-0.0016106110847939365,0.0602003789673146,-0.00011428571428496071,0.0032330827067668616
2009-05-18,0.0,95.92055555555555,95.73117412308339,95.78558548624238,95.75837980466288,0.0023104389834068474,0.054411363159000664,0.04185185185185142,0.000531914893616991
2009-05-19,0.0,96.15889999999999,96.10958955624798,96.14719028688084,96.12838992156442,0.00042978403352315463,0.03760073063285683,0.08085000000000178,0.0002976190476191153
2009-05-20,0.0,95.25980337078651,95.2637099921936,95.3068262099922,95.2852681010929,-0.004098360655737705,0.04311621779859525,0.01573033707865191,0.0007565789473684809
2009-05-21,0.0,94.60885294117647,94.63115064585149,94.68858586258816,94.65986825421982,0.0007924558205880022,0.05743521673666698,0.04773529411764678,0.0
2009-05-22,0.0,94.35185840707965,94.32474473481089,94.36612085125151,94.34543279303121,0.0007718601830411291,0.04137611644062235,0.046902654867256484,0.0
2009-05-25,0.0,95.0475,95.06505511811024,95.18612598425197,95.1255905511811,0.0,0.12107086614173133,0.08250000000000313,0.0
2009-05-26,0.0,94.86531914893617,94.83987723073028,94.87620554360208,94.85804138716618,0.002784457663586888,0.03632831287178805,0.014574468085108547,0.0003353658536585782
2009-05-27,0.0,95.09402985074627,95.10316213828142,95.14084879611221,95.12200546719681,-0.0024298652529268832,0.037686657830793086,0.03623134328358201,0.00045673076923076375
2009-05-28,0.0,96.82974025974026,96.82873481501932,96.87679182771949,96.85276332136941,0.0037272225289895085,0.04805701270016597,0.037337662337662336,0.0
2009-05-29,0.0,95.55626623376624,95.552866522037,95.5901741265129,95.57152032427494,-0.0011418131993605847,0.037307604475907884,0.02555194805194991,0.00039179104477608123
2009-06-01,0.0,96.10674887892377,96.02732766338407,96.07711593554163,96.05222179946284,0.0022381378692927483,0.049788272157564845,0.024506726457399375,0.0013407821229049993
2009-06-02,0.0,95.828125,95.70034309402011,95.77224289998236,95.73629299700124,0.002998765214323514,0.07189980596225087,0.12647727272727202,0.003125000000000056
2009-06-03,0.0,95.86940740740741,95.83081206882221,95.87513673011388,95.85297439946804,0.0015792535948798937,0.04432466129166325,0.04551851851851944,0.0
2009-06-04,0.0,96.5536046511628,96.53487726495727,96.57299042735043,96.55393384615384,-0.0017777777777777779,0.03811316239316256,0.027122093023255273,0.00014705882352974243
2009-06-05,0.0,97.76331081081081,97.58214262769033,97.62812078380983,97.60513170575008,0.0032123353678123997,0.04597815611949851,0.03466216216216367,0.0011440677966100925
2009-06-09,0.0,97.66005263157895,97.65210725759947,97.69778523766374,97.67494624763161,-0.0004942746519482659,0.0456779800642556,0.03802631578947261,0.00028333333333335986
2009-06-12,0.0,98.2256746031746,98.21053176848382,98.24868147411881,98.22960662130131,0.0003058337793409282,0.03814970563498723,0.03313492063491914,0.00033653846153842873
2009-06-15,0.0,97.9364347826087,97.93535477139064,97.97070005691519,97.95302741415291,-0.002750901157275659,0.0353452855245689,0.029782608695654002,0.0
2009-06-16,0.0,96.64881481481481,96.71285408324798,96.75516202625943,96.7340080547537,-0.0017692522581245927,0.04230794301145374,0.04714814814814737,0.0003124999999998427
2009-06-18,0.0,96.20105882352941,96.22688061041292,96.26672252144425,96.24680156592858,0.002593257530420906,0.03984191103131876,0.04579411764705897,0.00043402777777777775
2009-06-19,0.0,96.44260273972603,96.45819245199735,96.49730357536967,96.47774801368352,0.0003310527477378062,0.03911112337232407,0.041095890410955786,0.0
2009-06-22,0.0,95.89812500000001,95.88074605968478,95.94220977678214,95.91147791823346,-0.00032002560204816386,0.06146371709736784,0.03196428571428837,0.0
2009-06-23,0.0,95.38668874172185,95.34638186601642,95.41349460985626,95.37993823793634,0.00044917864476386036,0.06711274383983584,0.03900662251655714,0.00030991735537185385
2009-06-24,0.0,95.52570093457943,95.40882381704657,95.5339870608591,95.47140543895284,0.0014293237042052208,0.1251632438125326,0.1525700934579449,0.0010869565217390686
2009-06-25,0.0,96.13144444444444,96.0405563207836,96.34266528925619,96.19161080501989,0.00015304560759106213,0.3021089684726018,0.12677777777777932,0.0020512820512823718
2009-06-26,0.0,95.825,95.81561808118082,95.91785424354244,95.86673616236163,-0.00036900369003690036,0.10223616236162322,0.10999999999998522,0.0
2009-06-29,0.0,95.70698795180724,95.69906906696554,95.73219459232278,95.71563182964417,0.0035023816195012608,0.03312552535724303,0.023734939759036473,0.0
2009-07-02,0.0,96.20128712871288,96.02086581469649,96.16237827476039,96.09162204472844,0.0011501597444089457,0.14151246006389714,0.09009900990099201,0.0013554216867469537
2009-07-03,0.0,95.958,95.92450630252101,96.04995798319328,95.98723214285714,-0.0016806722689075631,0.12545168067226614,0.09099999999999966,0.0
2009-07-05,0.0,95.955,95.90958333333333,96.02763888888889,95.9686111111111,-0.013888888888888888,0.11805555555555615,0.10999999999998522,0.0
2009-07-06,0.0,95.09590909090909,95.02244119368052,95.08931655939145,95.05587887653599,-0.0022235225277940315,0.0668753657109426,0.04111570247933832,0.00019999999999996022
2009-07-07,0.0,95.01943181818181,95.03222534551418,95.06964745842117,95.05093640196768,-0.0028109627547434997,0.03742211290700387,0.04676136363636116,0.00038961038961040436
2009-07-08,0.0,93.31970689655172,93.71978475284288,93.77349733116732,93.74664104200511,-0.0032490136922719887,0.05371257832443765,0.10253448275862073,0.008834951456310716
2009-07-09,0.0,92.96253846153846,92.79313946631284,92.9929780333186,92.89305874981572,-0.00014742739200943535,0.19983856700575056,0.17946153846153834,0.001742424242424165
2009-07-10,0.0,92.30039823008849,92.26431031010874,92.31018425291985,92.2872472815143,0.0006041079339508659,0.04587394281111551,0.0398672566371681,0.000788690476190351
2009-07-13,0.0,92.45145161290323,92.40368314231137,92.565361747851,92.48452244508118,0.0011938872970391596,0.16167860553963678,0.06220430107526939,0.009971910112359423
2009-07-14,0.0,93.11532967032969,93.06044700113165,93.28067773167358,93.17056236640262,-0.0013831258644536654,0.22023073054193446,0.05340659340659356,0.00029850746268650775
2009-07-15,0.0,93.84491379310344,93.69790294627383,93.84706152512999,93.77248223570191,0.0020797227036395147,0.14915857885615225,0.05905172413793123,0.0
2009-07-16,0.0,93.6904347826087,93.58194935691319,93.65664044556729,93.61929490124024,-0.0018373909049150207,0.0746910886541107,0.13902173913043253,0.0
2009-07-17,0.0,94.01020547945205,94.0139283686601,94.06705999242998,94.04049418054504,0.0035011355034065103,0.05313162376987135,-0.0608219178082207,0.0
2009-07-20,0.0,94.35387096774193,94.40757600465929,94.45405532906231,94.43081566686081,0.0009318578916715201,0.04647932440302883,0.025161290322582058,0.0
2009-07-21,0.0,93.85921568627451,93.7936798980335,93.8337804989075,93.8137301984705,0.0,0.040100600873998714,0.02338235294117415,0.0
2009-07-22,0.0,93.52485074626865,93.51508638420403,93.55880172768408,93.53694405594405,-0.003290826820238585,0.04371534348004939,0.01317164179104637,0.00038288288288304675
2009-07-23,0.0,94.96718750000001,94.79409707865169,94.83922247191012,94.81665977528091,-0.0014382022471910113,0.04512539325842701,0.029598214285712996,0.0
2009-07-24,0.0,94.812265625,94.78642361111112,94.82421802662037,94.80532081886574,-0.00028935185185185184,0.03779441550925921,0.017109375000002203,0.0
2009-07-27,0.0,95.18242857142857,95.18830820429231,95.22485805487639,95.20658312958435,0.0005433306166802499,0.0365498505840802,0.025642857142854934,0.0001724137931035365
2009-07-28,0.0,94.49897637795276,94.47538384454512,94.51916390728478,94.49727387591496,-0.0011327988846287905,0.043780062739630726,0.02976377952755705,0.00018867924528284726
2009-07-29,0.0,94.90416666666667,94.9526489782818,94.99850486787204,94.97557692307693,0.0023536963731678614,0.045855889590243365,0.059305555555555695,0.005499999999999735
2009-07-31,0.0,94.99321167883211,94.96938199389623,95.00856459816886,94.98897329603255,0.000508646998982706,0.03918260427263477,0.028357664233576368,0.0001869158878504301
2009-08-03,0.0,95.21483870967741,95.16758374415372,95.20664960182026,95.18711667298699,-0.0002528125395019593,0.03906585766654027,0.02552419354838772,0.001250000000000099
2009-08-04,0.0,95.13733333333333,95.11963925039042,95.15550234252993,95.13757079646018,0.003748047891723061,0.03586309213951083,0.03479166666666605,0.0012135922330095707
2009-08-13,0.0,95.61234375,95.45948243412798,95.70616248431618,95.58282245922209,-0.002258469259723965,0.24668005018820613,0.12312499999999549,0.002234042553191574
2009-08-17,0.0,94.46641666666666,94.44961483339304,94.4860910068076,94.46785292010033,-0.0014331780723754925,0.036476173414547015,0.03108333333333301,2.5252525252502284e-05
2009-08-18,0.0,94.71880952380953,94.71508950225198,94.74971994456634,94.73240472340916,0.00046194710705624206,0.03463044231435472,0.022261904761904476,0.0002573529411764455
2009-08-20,0.0,94.18966216216216,94.11997137950772,94.1602896393818,94.14013050944477,-0.0013737836290784202,0.040318259874069715,0.08878378378378216,0.0
2009-08-21,0.0,94.12603658536585,94.1343154118341,94.17978179673678,94.15704860428544,0.002752113229801455,0.04546638490269276,0.03597560975609656,0.00070370370370359
2009-08-24,0.0,94.62100806451612,94.60566589917595,94.64173230731943,94.6236991032477,-0.0019389238972370335,0.036066408143480444,0.028548387096774586,0.001098130841121559
2009-08-26,0.0,94.30351694915255,94.27032870652837,94.30525091519219,94.28778981086027,0.0021354484441732766,0.0349222086638194,0.020127118644067795,0.0004411764705883913
2009-08-27,0.0,93.57244505494506,93.55227301620934,93.62306441360313,93.58766871490624,-0.0008475474096832291,0.07079139739379169,0.06920329670329702,0.00031250000000013374
2009-08-28,0.0,93.69896825396825,93.63192401433692,93.67919569892473,93.65555985663083,0.0018637992831541219,0.04727168458781294,0.019126984126982972,0.0
2009-08-31,0.0,92.94808080808082,92.96313534641324,93.00343117719191,92.98328326180257,-0.0029123237277743717,0.04029583077866306,0.0259595959595979,0.0
2009-09-01,0.0,93.05565789473684,93.01756509956404,93.08731236008012,93.05243872982209,0.0,0.06974726051608375,0.04421052631578816,0.0
2009-09-02,0.0,92.453671875,92.34701238390093,92.40132449690402,92.37416844040249,-0.005804953560371517,0.054312113003096275,0.08804687500000119,0.0067272727272725515
2009-09-07,0.0,92.97788461538462,92.96335613905326,93.0207599852071,92.99205806213017,0.0,0.05740384615384656,0.028461538461534437,0.0016666666666667299
2009-09-08,0.0,92.22291666666666,92.19151989711,92.24108110152822,92.21630049931912,-0.0003026176426085641,0.049561204418217555,0.10424999999999661,0.0
2009-09-09,0.0,92.02688405797102,92.12111045247974,92.1728927089508,92.14700158071527,-0.003754198774945663,0.05178225647105298,0.12159420289854517,0.0
2009-09-10,0.0,91.77688405797102,91.76025340110628,91.8344797428614,91.79736657198384,0.0010464942442816563,0.07422634175512022,0.040724637681157805,0.0
2009-09-11,0.0,90.570703125,90.67448074679113,90.72092036172695,90.69770055425906,-0.002333722287047841,0.04643961493582282,0.10992187499999906,0.0007291666666665956
2009-09-14,0.0,90.86652777777778,90.71347041492758,90.96154677142155,90.83750859317456,0.004910385465259023,0.2480763564939849,0.0412499999999988,0.0003636363636362913
2009-09-16,0.0,90.76687943262411,90.75830352686741,90.7989552487107,90.77862938778907,0.0016636167027116952,0.040651721843287095,0.055070921985814904,0.0032468879668050925
2009-09-17,0.0,91.1973953488372,91.21755557712844,91.2581686244054,91.23786210076692,-0.0018444811183380254,0.04061304727696363,0.03858139534883728,0.0029519774011301492
2009-09-18,0.0,91.2990206185567,91.30327604583,91.34068145483613,91.32197875033306,0.001199040767386091,0.037405409006128765,0.08768041237113515,0.00046511627906984016
2009-09-21,0.0,92.17295081967214,92.17977734438486,92.21558995611898,92.19768365025192,-0.004550625711035267,0.03581261173411359,0.042827868852458505,0.0019191919191920398
2009-09-22,0.0,91.1545625,91.16105687138528,91.19501858992012,91.17803773065272,-0.0002754062241806665,0.033961718534839105,0.03987499999999784,0.0
2009-09-23,0.0,91.27805970149254,91.26720212201592,91.30955702917771,91.28837957559682,-0.001273209549071618,0.0423549071618037,0.02417910447761201,0.0
2009-09-24,0.0,91.0386220472441,91.05659962775307,91.09499276186537,91.07579619480923,0.0011374211560335023,0.03839313411229459,0.022598425196851547,0.0005133928571428978
2009-09-25,0.0,90.0292894736842,89.95304248791372,89.99650474153961,89.97477361472667,-0.002045370026031982,0.0434622536258833,0.05413157894736825,0.0006292517006801832
2009-09-28,0.0,89.46716417910449,89.44887845436058,89.49583203732504,89.4723552458428,0.002392630697451848,0.046953582964469616,0.04559701492537451,0.0
2009-09-29,0.0,90.10304487179488,90.09371747639881,90.1318345613631,90.11277601888096,-0.0011512779184895234,0.038117084964310675,0.04891025641025474,0.000694444444444264
2009-09-30,0.0,89.64284431137725,89.61738321270796,89.65690901400508,89.63714611335652,0.0021618573174170506,0.03952580129711463,0.05928143712574734,0.0
2009-10-02,0.0,89.21186666666667,89.235,89.29293696525232,89.26396848262615,0.00017461148943600488,0.05793696525231367,0.08979999999999905,9.920634920637176e-05
2009-10-05,0.0,89.63894736842106,89.63507978311385,89.68034314484895,89.6577114639814,-0.002013942680092951,0.04526336173508916,0.005736842105263924,7.462686567178602e-05
2009-10-07,0.0,88.88078358208955,88.8646203675806,88.92112483679823,88.89287260218941,0.003213819423521141,0.056504469217635904,0.09763059701492673,0.01071428571428591
2009-10-08,0.0,88.43762096774194,88.4331733210247,88.476190283868,88.45468180244634,0.0011539349180706207,0.04301696284329529,0.05129032258064619,0.0
2009-10-09,0.0,89.43028985507246,89.45975307991998,89.51170790776034,89.48573049384017,0.001052964093924397,0.0519548278403707,0.12702898550724473,0.0016964285714285512
2009-10-12,0.0,89.9585,89.84354273703876,89.90627043437645,89.87490658570762,-0.0006227619492449011,0.06272769733769282,0.03825000000000074,0.0
2009-10-13,0.0,89.75534591194969,89.68340492587836,89.72608205906384,89.70474349247111,0.0015174506828528073,0.042677133185479166,0.05009433962264278,0.0024390243902438795
2009-10-14,0.0,89.38902941176471,89.41280345859661,89.4542268041237,89.43351513136015,0.0011085245538188671,0.04142334552710358,0.04226470588235329,0.0007142857142853852
2009-10-16,0.0,90.9830625,90.97964895120096,91.02136235191827,91.0005056515596,0.0006521030322791001,0.04171340071731381,0.028374999999997996,0.0
2009-10-19,0.0,90.73842391304348,90.71028017241379,90.76007058189654,90.73517537715517,0.0017241379310344827,0.04979040948275839,0.06217391304347856,0.0007467532467533058
2009-10-21,0.0,91.0,90.98549059504431,91.03061855670103,91.00805457587268,0.0037077229155362632,0.04512796165671897,0.039070796460178685,0.0
2009-10-22,0.0,91.41213636363638,91.26132798304057,91.33788663436302,91.2996073087018,0.0002018978396931153,0.0765586513224316,-0.0003636363636349994,0.0
2009-10-23,0.0,91.85044117647058,91.51259827420901,91.62054889741131,91.56657358581016,0.0009587727708533077,0.10795062320230114,0.11999999999999786,0.0
2009-10-26,0.0,92.12083333333332,91.953881495564,92.05486137515844,92.00437143536122,0.0015842839036755386,0.10097987959442292,0.036309523809519885,0.0
2009-10-27,0.0,92.03309523809523,92.00754805149003,92.03929818374185,92.02342311761595,0.0015870216892964204,0.03175013225180746,0.03690476190476082,0.0
2009-10-28,0.0,91.04595505617978,91.03205099187858,91.05505924643856,91.04355511915857,-0.0014645187058980162,0.02300825455997884,0.03140449438202393,0.0005555555555555766
2009-10-29,0.0,91.31882926829269,91.10484372617778,91.15793337398993,91.13138855008386,0.0007623113279463333,0.05308964781216669,0.021268292682927174,0.0004738562091504531
2009-11-04,0.0,90.83941860465116,90.77063932898416,90.80934109972041,90.78999021435229,0.0001863932898415657,0.03870177073625303,0.043139534883717384,0.0002702702702700245
2009-11-05,0.0,90.52192771084337,90.38180834621329,90.41152326979221,90.39666580800275,-0.0015455950540958269,0.02971492357891134,0.03313253012047919,0.0022767857142859276
2009-11-06,0.0,90.18578571428571,90.12585986703988,90.16640832750176,90.14613409727082,0.0,0.04054846046186135,0.06521428571428284,0.003879310344826998
2009-11-09,0.0,89.98378787878788,89.93217626273125,89.97078985657866,89.95148305965496,0.0006235709831635835,0.03861359384743312,0.04863636363635988,0.0
2009-11-10,0.0,89.87485915492958,89.8745587358378,89.90953388988272,89.89204631286027,0.002583979328165375,0.03497515404492183,0.0410563380281669,0.00016393442622982503
2009-11-11,0.0,89.84323529411765,89.87163857046527,89.90886940885592,89.8902539896606,0.004495392222971455,0.037230838390649834,0.09029411764705696,0.004423076923077273
2009-11-12,0.0,90.09810810810811,90.0506593968308,90.08667064235816,90.06866501959448,-0.0001703867779860283,0.03601124552734722,0.14027027027027175,0.0
2009-11-13,0.0,89.73160714285714,89.75909622126997,89.80860732372419,89.78385177249707,0.0,0.04951110245422633,0.35232142857142584,0.0
2009-11-16,0.0,89.3988,89.45291990291263,89.48530582524272,89.46911286407767,-0.002184466019417476,0.03238592233009684,0.090600000000004,0.0
2009-11-17,0.0,89.071875,89.13487031700288,89.17913544668588,89.15700288184438,0.0018011527377521613,0.04426512968299716,0.03062500000000128,0.0
2009-11-18,0.0,89.21430555555555,89.17977495672245,89.2271783035199,89.20347663012117,0.001154068090017311,0.04740334679746141,0.017083333333335164,0.0
2009-11-19,0.0,88.86015151515153,88.87020507329929,88.90475786526109,88.88748146928019,-0.00016471750947125678,0.03455279196178561,0.025757575757575587,0.0
2009-11-20,0.0,88.93884615384614,88.93452819198508,88.9730265610438,88.95377737651444,0.00046598322460391424,0.0384983690587142,0.061346153846151615,0.0
2009-11-23,0.0,88.91184210526316,88.88906783857391,88.92467442436246,88.90687113146818,0.0004951720722951226,0.03560658578856206,0.02315789473684348,0.0
2009-11-24,0.0,88.5827397260274,88.52012591019418,88.5721576658576,88.54614178802589,-0.0007079288025889968,0.05203175566343049,0.024109589041095378,0.0
2009-11-25,0.0,87.68690476190476,87.83021638211173,87.90161912621859,87.86591775416517,-0.00098003816990767,0.07140274410687598,0.03785714285714226,0.0
2009-11-26,0.0,86.48109589041096,86.7296925470732,86.94913082013707,86.83941168360515,0.0005120932797604979,0.2194382730638939,0.41164383561643775,0.0
2009-11-27,0.0,86.34980769230768,86.19614035371333,86.64225904490931,86.41919969931132,0.0007113065407869637,0.44611869119596453,0.03461538461538538,0.0
2009-11-29,0.0,86.615,86.59105708245244,86.67128435517971,86.63117071881607,0.0010570824524312897,0.0802272727272718,0.09000000000000341,0.0
2009-11-30,0.0,86.38833333333334,86.39684170896314,86.52214289698254,86.45949230297283,-0.00044620447319984385,0.12530118801940987,0.021515151515149173,0.000896226415094597
2009-12-01,0.0,86.91794117647059,86.83364037728276,86.87809753160747,86.85586895444511,0.002006823198876179,0.04445715432470402,0.0994117647058864,0.025681818181818725
2009-12-02,0.0,87.23655555555555,87.21435729149991,87.39846806467104,87.30641267808548,0.0008003841844085161,0.1841107731711214,0.12711111111110857,0.0
2009-12-03,0.0,88.111875,88.03767431122057,88.09525242419578,88.06646336770817,0.0018470063106048947,0.05757811297521936,0.1386718749999991,0.0011574074074074073
2009-12-04,0.0,89.23557894736841,89.12918966064066,89.20300269584523,89.16609617824294,-0.0004757373929590866,0.07381303520456763,0.08815789473684121,6.849315068486921e-05
2009-12-07,0.0,89.76061224489797,89.52597159309022,89.67160652591171,89.59878905950096,-0.0008445297504798465,0.14563493282149712,0.03510204081632941,0.0005813953488373415
2009-12-08,0.0,88.56881355932202,88.66425515097224,88.7489750750909,88.70661511303157,-0.00015808610423143806,0.08471992411866974,0.01923728813559355,0.0
2009-12-09,0.0,87.93916666666667,87.99781856281786,88.09783033527971,88.04782444904879,-0.00037671877943115466,0.10001177246185713,0.05427083333333312,0.0019886363636364927
2009-12-10,0.0,88.2532142857143,88.0533984265243,88.4192448721551,88.2363216493397,0.0007024445068839561,0.3658464456307951,0.11035714285714332,0.0004838709677414954
2009-12-14,0.0,88.53475,88.52737445301105,88.56255469889561,88.54496457595332,0.001250260470931444,0.03518024588455889,0.021375000000001164,0.0
2009-12-15,0.0,89.65860655737706,89.4467723108747,89.48414450354609,89.4654584072104,-0.0010342789598108747,0.0373721926713948,0.04639344262294683,0.0006666666666663762
2009-12-16,0.0,89.69527777777778,89.61780440052209,89.70644881596121,89.66212660824165,-0.003729256013425322,0.08864441543911972,0.2269444444444449,0.0
2009-12-17,0.0,90.04766666666667,89.94156862745099,89.98400117941914,89.96278490343505,0.0010319917440660474,0.042432551968155555,0.0992222222222185,0.0
2009-12-18,0.0,90.40560606060606,90.30610467960214,90.33700635904125,90.32155551932169,0.0021196804174139897,0.030901679439099994,0.03212121212120875,0.0
2009-12-21,0.0,90.67157894736842,90.59547872340426,90.62633660665576,90.61090766503001,0.004909983633387889,0.030857883251499824,0.031578947368423746,0.0
2009-12-22,0.0,91.48477272727273,91.43722160970232,91.46821940463064,91.45272050716649,0.0035281146637265713,0.030997794928334918,0.016590909090908858,0.0
2009-12-23,0.0,91.69392857142857,91.64358186772355,91.67424324993807,91.65891255883082,-0.0009908347783007183,0.03066138221451544,0.014642857142856005,0.0
2009-12-24,0.0,91.48285714285714,91.33697003745318,91.38585393258427,91.36141198501873,0.0011235955056179776,0.048883895131085646,0.027142857142868997,0.0
2009-12-28,0.0,91.57055555555556,91.50823002754821,91.55682277318641,91.5325264003673,0.006887052341597796,0.048592745638200464,0.13759259259259587,0.0
2009-12-29,0.0,91.87481481481481,91.72500272628135,91.76786395856053,91.74643334242093,0.003544165757906216,0.04286123227917168,0.3635185185185153,0.0
2009-12-30,0.0,92.4078125,92.34102481121899,92.3718190399137,92.35642192556634,0.002157497303128371,0.030794228694714525,0.023124999999998508,0.0
2009-12-31,0.0,92.93777777777778,92.45354412290104,92.48476956055734,92.46915684172919,0.005001786352268668,0.031225437656306226,0.01166666666666553,0.0
