Date,ILS_pca,ILE_pca,ILP_pca,ILS_a,ILE_a,ILP_a,Noise_bp
2008-01-02,-0.9091954401587847,-0.8205257038414776,0.2730409577212458,2.2789037180335,0.7927002685377376,0.21870134454508688,4.49763752
2008-01-03,-1.0610521406460063,-0.970859489845775,-0.4666744298673108,2.1249963481305,0.754421223011817,0.18594619669187687,4.52205681
2008-01-04,-0.8451840191299949,-0.667146846587842,0.2053448245658079,2.3435229809345,0.8318529802170015,0.21511509664345616,4.73189484
2008-01-07,-0.9712769425319168,-0.9236802047879089,-0.08154417830216726,2.237543749951,0.7834386806491389,0.2031054843555972,4.31841311
2008-01-08,-1.050241813160221,-1.0155013029720799,-0.27395620454562253,2.156235058728,0.758565161543652,0.19410693607916957,4.23239395
2008-01-09,-1.1360122870425091,-1.1202318168441332,-0.27331567054202544,2.0693923747230003,0.7298843461580335,0.19612454455778872,4.26392742
2008-01-10,-1.061905192164332,-0.8777825345975572,0.05789965544783388,2.137074460413,0.7705211178345406,0.20777402773571851,4.24655157
2008-01-11,-1.0431775639686285,-1.0032488036789304,-0.2094559361368842,2.1655779393195003,0.7673295497981321,0.1982243073258712,4.12036708
2008-01-14,-1.1367881150798052,-1.1341337689962583,-0.48768487153119,2.066627928735,0.735183029598423,0.18671947926472937,4.01630839
2008-01-15,-1.1210147374353003,-0.9742995417004267,-0.2178157679215161,2.0830436399725,0.7597699543028029,0.1981962236767933,4.07241407
2008-01-16,-1.0373954369533966,-0.9362830268945365,0.020015771042094285,2.161028328719,0.7737020289620774,0.21097142939167685,3.88379787
2008-01-17,-0.8028904681886008,-0.7067233754604019,-0.06319250031683361,2.3876070779415004,0.8251911713779636,0.20622074164249468,4.01550236
2008-01-18,-0.7947659910435186,-0.7044105634801272,-0.13914202626535677,2.3714061040205,0.8225101994970684,0.20351814153472242,4.39002051
2008-01-22,-0.5342107656777341,-0.2092606368033654,1.0120768743679356,2.6256188670095,0.9508384652214168,0.25521925640086235,4.4044047
2008-01-23,-0.7976776734322915,-0.5174433205180942,0.08857135463956042,2.374759572817,0.8318122356842123,0.21306909050861866,4.03345315
2008-01-24,-0.8606184731175532,-0.6873453456454169,0.046036802718416814,2.3359411338509997,0.8206099679744798,0.20964976145960845,3.92050664
2008-01-25,-0.8520736589084212,-0.7761164956616332,-0.1485741533305371,2.3053904928230002,0.8194974901299649,0.19791566514106057,3.75140171
2008-01-28,-0.8178092319803851,-0.7324715652315722,-0.3331003339222372,2.354718985727,0.8262603991084009,0.192293901064316,3.81606555
2008-01-29,-1.0194262986117966,-0.9900212668524839,-0.2475475062288726,2.1865854940755,0.7716763187379481,0.1958181734727653,3.72613993
2008-01-30,-0.7196710601343558,-0.4257500260407613,0.4281916375660704,2.4890251385080004,0.8814592210703134,0.22786522779603252,3.95698096
2008-01-31,-1.0118122083041547,-0.9398326803063893,-0.21932372186700802,2.193425241095,0.7776021809367197,0.19826060983736732,3.76173833
2008-02-01,-0.8323875251265893,-0.6422436716344211,0.14113836861864512,2.3737194875189997,0.8391381311731583,0.21433277999277872,3.82622539
2008-02-04,-1.0524459596743918,-0.953400506459264,-0.3739749437975048,2.1547312988235,0.7717178502766254,0.18975266163291793,3.82262339
2008-02-05,-0.9330969104499918,-0.9355566138211455,-0.2718605604630544,2.2399898870565,0.7682581774853647,0.19591575888802656,4.04112747
2008-02-06,-0.6877378595504285,-0.6774961869125415,-0.012035420103032416,2.35536267581,0.8061304246675884,0.2063866432239776,4.13450925
2008-02-07,-0.680696836887629,-0.49141510128626437,0.015080373743543556,2.490068145888,0.849446586554552,0.20733282267842923,3.99221752
2008-02-08,-0.7772899691298556,-0.7778410121439856,-0.005198940068238996,2.364204580664,0.8241975536471278,0.20590290587845614,4.15328375
2008-02-11,-0.8803878014522206,-0.889428195673667,-0.46016334767008416,2.266256198621,0.7913132807378678,0.18744325610446866,3.91821303
2008-02-12,-0.6461365365499675,-0.4203371377817261,-0.33783187272249976,2.078486755768,0.7356484726412865,0.19146203468699913,3.89611446
2008-02-13,-1.056953294077779,-1.0599800263681507,-0.20135832510907917,2.137793171482,0.7470595611055129,0.19799823571882,4.07223751
2008-02-14,-1.141789655724612,-1.0433187141741895,-0.3933531014949387,2.049141489,0.7551612692184393,0.1905433372366707,4.1416207
2008-02-15,-1.0641986749483257,-0.9546377252729981,-0.34342033308078407,2.0838805084920002,0.7602645287100164,0.18928806910877927,3.96718067
2008-02-19,-1.1341838186187627,-1.1988148301317854,-0.4369481201779969,1.9576438892225,0.7086828440043473,0.18722773757651479,4.03460121
2008-02-20,-1.081070651926476,-1.0174268674148044,-0.5596797826160086,2.091452547688,0.7551250754769232,0.1815280131759673,3.97738933
2008-02-21,-0.9616854722863547,-1.0027510635550152,-0.5230729021746972,2.1032528427355,0.7589810285373546,0.18197336217693075,4.23752066
2008-02-22,-0.9290131077373953,-0.9974610439261681,-0.4311284383528484,2.121565344279,0.7594727787761593,0.18365886018201188,4.29315524
2008-02-25,-1.3273893456203134,-1.261376306589859,-0.7255855000978614,1.8421060445105,0.6727969193348844,0.1746857004378758,4.13009323
2008-02-26,-1.1523502550386935,-1.1110366719614206,-0.4186406249683636,2.0193519390925,0.7310771154005369,0.1855460512234431,4.37297516
2008-02-27,-0.863591596494457,-0.6873903976485778,-0.3211879964257013,2.187495950104,0.7826913379842229,0.19019216705828035,4.29017099
2008-02-28,-1.0353063415006678,-1.0372206971693316,-0.3445519017930599,2.111379356929,0.7477457505849529,0.19174377977658616,4.36061939
2008-02-29,-0.7174701294702581,-0.5789817692919136,0.36835661883339926,2.369586066816,0.8502490443934916,0.22140592166221096,4.64762292
2008-03-03,-0.9726125542749338,-0.8826148209020797,-0.23219873890986126,2.2268120759365,0.7783261143657014,0.1973769799774498,4.7846968
2008-03-04,-1.0361348897683684,-1.1226455029506144,-0.16031050763178445,2.1109806358339998,0.7414680035620285,0.20250342974176422,4.81335568
2008-03-05,-0.8467963919397512,-0.8474348121273516,-0.30360325535571714,2.137794936652,0.7648385673695046,0.19319959248920487,5.0934099
2008-03-06,-0.4769505605030518,-0.45620692921915973,-0.008173541858782166,2.223800989627,0.8080341273366619,0.1971838052010869,5.44866538
2008-03-07,-0.8161048997734448,-0.6161513009077962,0.1457698846573111,2.3277556976235,0.8467801267800803,0.21053218353326153,5.3955319
2008-03-10,-1.0355817246878345,-0.9857571750958279,-0.40635734516766053,2.155685126067,0.7660695215356683,0.1894494374473444,5.51845999
2008-03-11,-0.9727862249056609,-0.886846396251047,-0.27257714573116626,2.2184507144515,0.7879975620743749,0.19381953669789104,5.61480127
2008-03-12,-0.9533275365227973,-0.9391869935148908,-0.515442653725469,2.1808509001085,0.7732438626943009,0.18342854553504812,5.60636713
2008-03-13,-0.789749345075785,-0.7435038081586142,-0.3723701532800965,2.218421293454,0.7793813954111138,0.1897206630450226,6.3136173
2008-03-14,-0.742536403794197,-0.7455870458235957,-0.052868379812333575,2.4155609139615,0.8135103808231688,0.20253771806336784,7.1814718
2008-03-17,0.05750459518669659,0.415311476943208,1.1005365273473326,3.0394340561395,1.058332722717,0.2618467594165761,7.38793184
2008-03-18,-0.3412928908256761,-0.18993934041762411,0.8222266255182402,2.7563802742385,0.9389113361727481,0.24013813233016096,7.6239845
2008-03-19,-0.5755274485864922,-0.5092834513784436,0.21226324542989725,2.541021554388,0.8563755888496087,0.21632886356615771,7.97790294
2008-03-20,-0.5521625434001852,-0.579895637624315,0.28427225682465934,2.399182556597,0.8336115645849937,0.21904921023303894,7.93333281
2008-03-21,2.172290899393619,2.9696967898203406,1.0137429389913204,3.8941288644635,1.300022512300471,0.25006504142649505,8.05697372
2008-03-24,-0.4914785804858688,0.15335367868948194,-0.41726311522522325,2.5231503538295,0.8799815594650722,0.19014932498459003,7.90753803
2008-03-25,-0.8614863415398154,-0.7517868276376481,-0.33891419498635095,2.287836452387,0.8101826656771374,0.19182371169177553,7.80892472
2008-03-26,-0.8649891810679904,-0.9052941284893982,-0.25735394842954645,2.2675064269260004,0.7805978423024424,0.196069879274255,8.08272448
2008-03-27,-0.8850866450615822,-0.6032575126161136,-0.5078588735032848,2.2268871445825,0.7597993191873295,0.18364116551370557,8.051091
2008-03-28,-0.8000048911983894,-0.8829858377742386,-0.6726789106830279,2.3143127868894995,0.7744085544422934,0.17917916899530453,7.66414689
2008-03-31,-0.5952741749158997,-0.6985406933885335,-0.18384508770062152,2.2817672481945,0.7801936012693943,0.19837959793455506,7.48974869
2008-04-01,-0.7231376162693985,-0.6824841384706154,-0.18401634227596236,2.3123831775555,0.7978371398012211,0.20014793110782944,7.80523579
2008-04-02,-0.5490996622314154,-0.5775754326051136,-0.2600605302595468,2.260803226162,0.7845218318306277,0.19269952151182074,7.77437247
2008-04-03,-0.8604647916222942,-0.9352120795106073,-0.4263802507164125,2.2029210694325,0.764455009217639,0.18779695311156744,7.80287598
2008-04-04,-0.6301911180323903,-0.41959422325087536,-0.3496262943191267,2.391232453623,0.8396086063733099,0.19024103928660208,7.53544861
2008-04-07,-0.11586725337628961,-0.4746579695439519,-0.5222777360182597,2.150750591303,0.7622991174486853,0.17960632915911445,7.53351165
2008-04-08,-0.2308434427870783,-0.5286684824753838,-0.6221706557934837,2.200376903828,0.7649714322976626,0.1784186238448186,7.5609753
2008-04-09,-0.92279355275754,-1.0541615840831948,-0.88512995049817,2.092376187361,0.7304348766308426,0.1690083313659767,7.18054304
2008-04-10,0.019358143079017776,-0.28035030539862854,-0.7391944049058965,2.1858947459899998,0.7752136130575233,0.17120873675084075,7.19840315
2008-04-11,-0.365885128496677,-0.5069932218509247,-0.989970488595646,2.1681679322315,0.7530107851257004,0.16274459647088346,6.90119121
2008-04-14,-0.1534126440860117,-0.731636144945929,-0.5284166813734373,2.3375291264255,0.7889298058897368,0.1794765383235456,6.71612265
2008-04-15,-0.5858716891452973,-0.8811092528631718,-0.8947348189647003,2.1568933856515002,0.7569398572082708,0.16522368508949364,6.60058122
2008-04-16,-0.8326403995108395,-1.0492436257302367,-0.5564566013906543,2.0914696367839998,0.7346804934346677,0.17816124841263642,6.58600306
2008-04-17,-0.824751501394958,-1.0347096557504194,-0.5586754139972723,2.1545501644389997,0.751357216448479,0.1773054877113145,6.56520584
2008-04-18,-0.8159174990953338,-0.7423140687468127,-0.6123084276453994,2.2278794889935,0.7819105717369682,0.1781596831342856,6.02105669
2008-04-21,-1.0157486612129707,-1.0218705151011591,-0.5761517865922098,2.119808595411,0.7499088149010242,0.17741695208984115,6.19471613
2008-04-22,-0.8749267343912355,-1.0273233044260086,-0.5734991278316875,2.1181262287805,0.7307348297465233,0.1757699544653516,6.11481593
2008-04-23,-1.1619741495461255,-1.1698667794032291,-0.7224808954154828,1.9804865310915,0.7129458062533918,0.17284170371659546,5.85274862
2008-04-24,-0.8197380097064707,-0.7927371425808077,-0.5648862452808365,2.1940395500365,0.7790882717802594,0.1772334222301368,5.82694508
2008-04-25,0.10759305524226744,-0.109260499577063,-0.375062649498657,2.4315682215775,0.8210185109556305,0.18181141899597875,5.83171837
2008-04-28,-0.9403294845480988,-0.8894311763626008,-0.532753647297009,2.2106861991075,0.7678095145231312,0.18147531753652185,6.00326776
2008-04-29,-0.7397967824858883,-0.8708974208986426,-0.5287472754231921,2.133817662988,0.7478330433368998,0.1784375945553318,5.94096009
2008-04-30,-0.9640608635429785,-0.9976064971939587,-0.49901055148591594,2.1238727214295,0.7445035241828404,0.18096609158506932,5.58945154
2008-05-01,-0.9751210792963182,-0.9208968124708344,-0.32002065576748234,2.218291378324,0.7850780304881131,0.19050557702241766,6.36801822
2008-05-02,-0.8486920378193001,-0.6894849706031959,-0.29583813167551787,2.279312806242,0.8220597977193241,0.1912733074984317,5.40251635
2008-05-05,-1.0646876254755713,-0.9026512061515636,-1.108268207477954,2.1034627228394998,0.7700596360508646,0.1558765174195798,5.45301678
2008-05-06,-0.8331740272173289,-0.9570770000268999,-0.7615563314403573,2.0130199305795,0.7220110035044669,0.16975314926547957,5.58840104
2008-05-07,-0.9697855487436309,-1.018064810868404,-0.715892019632857,2.11156435255,0.7582405504204639,0.17182590112909885,5.56330753
2008-05-08,-0.851279991861842,-0.9378846594427865,-0.7356619360642155,2.2630725733780004,0.7785759629632291,0.17421077349211608,5.44232276
2008-05-09,-1.046637671821562,-0.9765364799857894,-0.4993535815602547,2.0821805435205,0.7536498685441397,0.18100657970375783,5.27906275
2008-05-12,-1.002308809024544,-0.9580456913308821,-0.7197474602247558,2.1459719362515,0.7672187468244125,0.17351303992534417,4.94248362
2008-05-13,-1.153879132620566,-1.1274248444930195,-0.6397354692673652,2.0306417749855,0.7253987836404183,0.17745209055543704,5.06074017
2008-05-14,-1.185436932976602,-1.1545547437692618,-0.49748520435128923,2.008874942428,0.7251147429296224,0.18306571342120267,4.89674728
2008-05-15,-0.86163373012633,-0.8652400872210738,-0.33593120385254444,2.1166590255915,0.75819156906616,0.18021267521009432,4.84349108
2008-05-16,-1.1185129761740653,-1.0427725312952951,-0.44804479035819383,2.0092422270609998,0.7463047062107635,0.1853202176547859,4.59565571
2008-05-19,-1.1009365801173927,-1.2450470781925649,-0.7187309314051026,1.9862622054869998,0.7125426564661173,0.17315568099213377,4.88585784
2008-05-20,-0.7786744283033261,-1.0420299489556493,-0.4309897362629847,2.0311846763145,0.7315558844459797,0.18212097738934163,4.93920597
2008-05-21,-0.5450514830770503,-0.8193812360411641,-0.45724396252867056,2.0084453394875,0.721731232893781,0.17961932986591034,4.94351277
2008-05-22,0.38321997965731736,-0.1987898141088915,-0.4767101233133408,2.0902990724835,0.7405447112796681,0.1740947434665161,4.74986648
2008-05-23,-0.9555968696385296,-1.221216831388228,-0.97593593882682,1.9696261855669999,0.7059553491103062,0.16136752328763762,4.86857627
2008-05-27,-1.128415610023087,-1.0727260443747277,-0.8099904820625176,1.978630744451,0.7203103717015938,0.16811162135812885,4.77876366
2008-05-28,-0.443982506884776,-0.9126746983888402,-0.7495651779499257,1.9278634548865001,0.6965777717601433,0.16901455802347326,4.66672475
2008-05-29,-0.7505141362689406,-1.1682282566404505,-0.7171961572815544,1.9334598631339999,0.6985830710573677,0.17319939345172164,4.85991625
2008-05-30,-1.044812261413149,-1.1127288577738417,-0.5287292546107489,1.9607172781700002,0.7110999369929861,0.17972171207103965,4.8684562
2008-06-02,-1.0627471365710632,-1.0934414632646168,-0.5695342410731606,1.965817101962,0.7104583361896356,0.17826032986081974,4.86400923
2008-06-03,-0.7792009187265073,-0.9835733164336697,-0.596489760586368,1.950042399605,0.7039425016684584,0.1760681646049136,5.15912531
2008-06-04,-1.1490749088755403,-1.2681807547392119,-0.6024591169529178,1.9611066906035002,0.7040586605689706,0.17795263715493093,5.7271341
2008-06-05,-0.8510949647720828,-0.9184952745388859,-0.5183263964295913,1.898997264513,0.7014081548527338,0.17960226105037688,5.76484922
2008-06-06,-0.9411684819970901,-0.8807775870117494,-0.5192684559801976,2.0381282846669997,0.7473523477051219,0.18080730152562516,5.87949725
2008-06-09,-1.0380475297415792,-1.035457184455803,-0.7780492592886307,1.961738579446,0.7009530005367159,0.16596777197383356,4.92452559
2008-06-10,-0.8537374489873215,-0.8747807429351315,-0.3840401765572988,1.959233224029,0.7282073747658881,0.18787485849898472,4.55848468
2008-06-11,-0.9874179020216166,-1.060564790908059,-0.7430449295375723,1.918706884252,0.7049468477023342,0.16996594263281037,5.03129538
2008-06-12,-1.0202850185593095,-0.9937742897085566,-0.6087936674611342,2.065616179292,0.7439235789294389,0.18027861406904944,4.95763213
2008-06-13,-1.007188067679046,-1.0573003340012583,-0.7822172287041644,2.0793894911365,0.7188912445924496,0.17056983954483132,5.35463819
2008-06-16,-1.1145425165757645,-1.2096549481063446,-0.7752806937732432,2.0489887512365,0.7163468025405312,0.1709989993419349,5.72515502
2008-06-17,0.09956981016955853,-1.7340389750745273,-0.44607534083727063,2.097437879694,0.7283218134799199,0.17803594068056827,6.02704283
2008-06-18,-1.063409144452499,-1.237351979166828,-1.019572502121645,1.9121636753195,0.6761833322334849,0.15993452485498022,6.33049004
2008-06-19,-0.31373310425772555,-0.8830304071571585,-0.6693080294122382,1.8924641335385002,0.6914804162495063,0.1679705066285936,6.09049386
2008-06-20,-0.475905053330274,-0.9767186331467543,-0.6775469298181016,1.9404899415805001,0.6838148269951532,0.16652329876158017,6.50777513
2008-06-23,-0.8294385294574833,-1.1784605404456203,-0.65477331809352,1.960069348061,0.6754972996212691,0.16756888188252883,6.41179237
2008-06-24,-0.9297659882146789,-0.4843988524332139,-0.286297183091857,1.8206308813835,0.6626641907555111,0.16268667141314105,6.80562951
2008-06-25,-1.209719603269309,-1.261649631779098,-0.6772161285669617,1.9101435687875,0.7000425165389954,0.1732184369152766,7.02410685
2008-06-26,-0.41477097492306325,-1.0508996192266382,-0.5958391344869327,1.8977905278540002,0.6861972267614509,0.17172834745621252,7.60275899
2008-06-27,-0.8414259873639947,-0.9782125449004736,-0.6850497605980861,1.9063905552944997,0.6927891238449148,0.16744217912010995,7.6358279
2008-06-30,-1.1523055501215016,-1.2192682571202373,-0.3842694074123832,1.890883628354,0.68597028017528,0.18510576175877969,7.36184047
2008-07-01,-0.3003977333162536,-0.7216158336082994,-0.5317490834120081,2.018317043105,0.708166529500847,0.17715441306765267,6.98367253
2008-07-02,-0.9639846725749871,-1.089010120668875,-0.6941358844824234,1.8839333027174998,0.67231989860932,0.17077368169765003,6.65948917
2008-07-03,-0.7296008927307182,-0.9320386961734966,-0.5995651596806376,2.0721866772629998,0.7212122792627457,0.1754061480758432,6.88340502
2008-07-07,-1.1494476676441225,-1.2028994150043963,-0.8914750906394431,1.941946362455,0.6947031572259048,0.16225639024408234,7.0970305
2008-07-08,-1.060576815040149,-1.21187877250009,-0.6147135309619219,1.8552292309324998,0.6749347201794864,0.17572601468729165,6.9581859
2008-07-09,-1.3910776843752755,-1.3516866330116695,-0.7834022066605767,1.8162485540989999,0.6694283150386651,0.1717342757787661,6.85435539
2008-07-10,-1.2799753612523899,-1.2030637166779392,-0.7271604155703575,1.881629196675,0.7009291659479508,0.1742430600223271,6.9878602
2008-07-11,-1.290960590560236,-1.288290120302529,-0.6841358093956348,1.9155128752515003,0.6896580635479352,0.17370589477912401,6.18373708
2008-07-14,-1.308232970742853,-1.3704100117265845,-0.9374283541286679,1.9001111302535,0.6718964725006644,0.162891021404603,6.33335896
2008-07-15,-1.350370002843217,-1.418777831513955,-0.828661236332394,1.8298088258795,0.6612167958241704,0.16754817830229193,6.54066353
2008-07-16,-0.8888993767479998,-0.9778159462205586,-0.6036221106541511,1.8785595443840002,0.6852409533463071,0.16851611529193572,6.57092131
2008-07-17,-1.310638317539474,-1.286643287042577,-0.7730267861018606,1.866214506818,0.6693955597112126,0.16991283500816168,6.55449079
2008-07-18,-1.2806866374582755,-1.2977558560291338,-0.7674144197806794,1.8962678656175,0.6876824919354119,0.1695640573529102,6.31322479
2008-07-21,-1.2495131298718158,-1.3833144018781711,-1.0816234609681599,1.9051262853159998,0.677193409317315,0.1571848065786486,6.44535303
2008-07-22,-1.303228641767591,-1.3628527978238187,-0.9080469508210027,1.853234701433,0.6699325941217671,0.16284833086403408,6.24298673
2008-07-23,-1.2788833133276902,-1.2177588942302753,-0.7974140812443391,1.9214591631475,0.7073795529838662,0.17135672873227664,6.06935293
2008-07-24,-1.0519890963150018,-1.2010239872693818,-0.6955977926047923,1.9241440519475,0.6852380053834025,0.16971490716762527,5.9888089
2008-07-25,-0.7377532103156555,-0.7461819821636023,-0.46498592483130224,2.0015227560730002,0.7231418575568885,0.1730877341668724,5.96655968
2008-07-28,-1.4006288526357238,-1.3872298808777288,-1.0720013567283366,1.7924631369355,0.656476669891722,0.15893066956506052,6.12185784
2008-07-29,-1.44614655966354,-1.4508753424765917,-1.0947940369319926,1.7581773691565,0.6567296970598093,0.15885296599581245,6.5063845
2008-07-30,-1.445824768575244,-1.4174258052991697,-0.8860981284779791,1.7530122273145001,0.6567533953828684,0.16820767728421876,6.3885302
2008-07-31,-1.3926806903941198,-1.3161084200253559,-0.8535460918966021,1.7897824458090001,0.6803305598768276,0.16865923502857114,6.5745725
2008-08-01,-1.2568431161348637,-0.9539114710747965,-0.6683485181638119,1.920108505525,0.7135940050507139,0.17462140252361258,6.66679648
2008-08-04,-1.326329020128102,-1.3340460509519794,-1.0706958924985681,1.7971610402165,0.6562034113930193,0.1579417762101045,6.40500969
2008-08-05,-1.376914418936153,-1.0984720700630037,-0.7542179154272214,1.7942875135645,0.6709844075530829,0.17356513413090474,6.51707689
2008-08-06,-1.317522309416359,-1.239324721716947,-0.7523600784353958,1.8648877122404999,0.6798545443471109,0.17063475653079102,6.45585522
2008-08-07,-0.9866370596396199,-0.992687730377842,-0.7159339668351679,1.9079809524345,0.6942690558336286,0.1684605892368516,6.8459182
2008-08-08,-0.6363133853142703,-0.4763525860339254,0.8805531116226093,2.0863121376865,0.7599514703520145,0.1878645191486343,6.33771689
2008-08-11,-1.0358581455930636,-1.0565685322086222,-0.5910029485150242,2.121098202051,0.7683154609937557,0.18248534101278643,5.8155845
2008-08-12,-1.0920951386746445,-1.078703190858736,-0.38051799267516584,2.0712674148085,0.7478865334456632,0.19158840988366016,6.07530687
2008-08-13,-0.9206834756882202,-0.20024791005468956,-0.35623208819310337,2.24891897764,0.8022829068772759,0.19528383412473682,6.1264465
2008-08-14,-0.8298419524384363,-0.8177304935365163,-0.5862176471294122,2.099098919791,0.7559789247991916,0.1817317166985919,6.240157
2008-08-15,-0.9926976262405833,-0.9150271795337843,-0.4526230966998817,2.1995665746325,0.79233872843122,0.18755118032782042,6.2784595
2008-08-18,-1.0604813797187085,-1.1083426062144137,-0.8858102709238923,2.1058581047644997,0.7473976163492855,0.17011000898417594,6.70505101
2008-08-19,-1.0623751946331956,-1.0122967611761307,-0.7629821148435041,2.083807649124,0.744734772040384,0.1759143114421365,7.03741154
2008-08-20,-1.1238172928683727,-1.0141042994783298,-0.7891138853306253,1.9974695285385002,0.7227389304437782,0.1706207759675464,7.14136269
2008-08-21,-1.1087808393969787,-0.9685242049430441,-0.6025109021141122,2.0701113580735,0.7416895785008887,0.17967039680530833,6.86143204
2008-08-22,-1.0690144724064565,-1.1063950007966605,-0.8056310699084984,2.1197892738375,0.7468424806293215,0.17019296773085546,6.59552884
2008-08-25,-0.8309116918412586,-0.76474839372305,-0.7857192145885886,2.3803599410025003,0.8273298543668836,0.17405903366597902,6.90597964
2008-08-26,-1.0783762125732232,-1.0534242201373392,-0.6228558244722759,2.108390404343,0.7556800477760949,0.1807517876509206,6.93791533
2008-08-27,-0.8291570091878981,-0.9297422871224746,-0.7599287561232502,2.2753514716365,0.7650403007943405,0.17532117112240525,7.27116802
2008-08-28,-0.8666162917258761,-1.0194806028832881,-0.7540475251055971,2.1188873248305002,0.7368482568945331,0.1732007562086074,6.96433743
2008-08-29,-1.0027434898752574,-0.9315498265771978,-0.5697720383393947,2.1580106844725,0.7508447781622072,0.18031433040890188,6.72837285
2008-09-02,-0.9795929681158244,-0.879745079386326,-0.4110609542282454,2.1905277025835,0.7795020591923809,0.19345413994972588,6.98297849
2008-09-03,-0.6758220734830648,-0.7148671516230408,-0.3623655895904418,2.2640130000939998,0.7960136587416415,0.19309589274947475,6.7640283
2008-09-04,-0.5183533104526596,-0.40368199398938254,0.07335114655706244,2.6604072768754996,0.9189114115241156,0.21747606992695892,6.65666202
2008-09-05,-0.15036577410871146,0.21319086951452132,0.7142445705725134,3.039430137339,1.031037881543,0.2439695999795635,6.09546945
2008-09-08,-0.49404354780266674,-0.35097136372154564,-0.11388329525476905,2.669374611615,0.8923494577842971,0.20833000570924626,5.89302767
2008-09-09,-0.1706401529677597,-0.1707541538758716,-0.2311087906555737,2.838351008074,0.9512830652465235,0.2074639234305955,5.76725645
2008-09-10,-0.3015346886232583,0.01026202515524034,0.013031571034354476,2.873839804536,0.9583941059405673,0.2149685719785273,5.90437482
2008-09-11,-0.4970795683931945,-0.3787522768367648,0.03790333792936157,2.6874169509355,0.923454285975446,0.21569509251433594,5.80223945
2008-09-12,-0.4727423885002528,-0.5106692426645577,-0.16820691308861874,2.7365445137175,0.9022289135036231,0.203532461268498,5.96982506
2008-09-15,1.0116042715884492,1.1140950847524775,1.4193467623157923,3.5517259667819996,1.1711347538185,0.26119007257492277,6.63680574
2008-09-16,0.8316448719983086,1.0269060858333807,2.0880073297795088,3.3263233723695,1.12924738421,0.30303965010467115,6.9456755
2008-09-17,0.6313987731141077,0.4425627252278756,1.8616905525156084,3.4902953578814997,1.1349280675685,0.29205110086101915,8.86971722
2008-09-18,0.552158644363936,0.8768405870077776,1.9039747616836409,3.4847156844505003,1.1862929336385002,0.3013197978604668,9.17029498
2008-09-19,0.11824429584435664,0.7160551316945353,1.5267943598950275,3.1609830338254996,1.0659540354235,0.2774674179761175,7.2119061
2008-09-22,-0.39516420392260887,-0.23411521526825002,0.7685990924335264,2.6772558389225,0.9055463603720267,0.2409036084019977,7.58888736
2008-09-23,-0.3528452722581586,-0.23695625078227292,0.2239791348570318,2.7385283891355,0.9125320795546741,0.2214044353644874,8.83972233
2008-09-24,-0.24170172623471728,-0.29073433550741046,0.12858943161653635,2.8005830629205,0.9021729371757378,0.21675971707059546,9.92661724
2008-09-25,-0.28604838563284163,-0.11758080333919109,0.23623774893021413,2.739562770904,0.9104731230973813,0.21874479608547914,9.21782724
2008-09-26,-0.06332764897327259,-0.1341818264414347,-0.07007134829413292,2.7763515219735,0.9221717796456488,0.20810833389837735,8.57190808
2008-09-29,0.6073596634341917,0.40248853375114874,1.2279729427601618,3.343040744742,1.0689728110845,0.2507588279522473,9.68737367
2008-09-30,1.3966234110520976,1.2824021200720666,1.6078165270388594,3.0821512133955,1.0150395896654598,0.2764483675633873,9.14584185
2008-10-01,0.48071788669063087,0.8909281926711214,1.3389101640155645,3.463459700232,1.0922626818805,0.2649662731716024,9.25475193
2008-10-02,0.49569333545817584,0.4488517302116632,1.4421733390210651,3.301836715212,1.0786841685623627,0.2648370060661242,10.0538386
2008-10-03,0.4904364892064619,1.4583137099302192,1.285800308472983,3.5275125503769997,1.0999707953,0.25193141602720137,10.331262
2008-10-06,1.726155086759559,1.5563962166914405,6.247801005750242,4.2634059900635,1.323597831206,0.3387391612539553,10.7615718
2008-10-07,2.2137662459117555,2.48977335334276,4.62845923935845,4.7833224691125,1.5320994922609998,0.4020151528480128,11.2583154
2008-10-08,3.9318548117015455,4.637758402875737,7.8981969543280455,6.0100083402005,1.979419748457,0.5076722005690065,9.19797995
2008-10-09,2.8015217623394455,3.2554705966869126,5.350760188957267,4.7447140293845,1.5259065249965,0.39411395110878367,10.4784
2008-10-10,5.865071567396588,4.880875747404442,5.931313618486086,6.712669852205,2.0743105756205,0.49486430252586466,10.9520756
2008-10-14,1.9096980627730633,2.2114519458626263,2.9659453207955813,4.5008180492209995,1.3689019639055,0.3434503205155952,11.5609466
2008-10-15,1.979683728801479,2.196177110577692,3.5600642952232997,5.0109110922915,1.530577870855,0.3835092443126309,13.0470984
2008-10-16,2.962821481444228,2.9690049552063607,3.7097120545428552,5.969323169154,1.7345749654425,0.39638232114689187,11.5313037
2008-10-17,2.121318340913933,1.877537226369479,2.986039015517176,5.054110471246499,1.4960717804294998,0.36317214307926604,11.3849487
2008-10-20,1.517897190150742,1.3484129730445338,1.652832405641175,4.5072629213545,1.3359305995995001,0.2952036892856943,11.813314
2008-10-21,2.213951674434786,2.0873625752656433,2.9073711794184294,4.2252536411634996,1.2516076749035001,0.2964345364262986,12.5961046
2008-10-22,3.367339570285499,2.6773615569736386,3.0053516131545743,4.905213075373499,1.5268697638170001,0.35825580480161834,12.9209611
2008-10-23,3.846537407649682,3.944204238725372,3.156881634335958,5.187758224974,1.5821320567605,0.35176347952839915,13.1020604
2008-10-27,2.709014116898411,3.0622700518983126,4.301347726066275,5.771566011234,1.7981702580555001,0.42377078467272616,14.5184171
2008-10-28,2.144143214837976,2.456285648381489,3.7800825884044533,5.248345507538501,1.6405572401905,0.3957422009740878,15.5033792
2008-10-29,3.9516093867670405,4.006655001968315,4.915966060990462,6.292849114032999,1.914267222453,0.43719193280528224,15.9754032
2008-10-30,4.444503935495122,6.668245832096642,3.933955347300887,6.698467528915,1.9544687966929999,0.38232031834599745,16.9588296
2008-10-31,5.0194069131778285,5.368334436739841,5.0377836901178705,7.73785453473,2.2813214773695,0.44232143271732827,17.5036582
2008-11-03,2.3493225748374913,2.135253990637739,2.090601184175307,5.4548708768795,1.5379561155219998,0.31578157686783215,18.5473795
2008-11-04,1.960780120181261,2.007402561117674,2.596010026392295,4.880912391075,1.501093573736,0.3392035037832676,18.4555825
2008-11-05,3.6872900310762615,3.413384472124652,5.040690061633231,6.0320361312485,1.7220309665445002,0.3623978359677891,18.1420501
2008-11-06,3.565112300050686,3.958892420143166,3.957581438919555,5.9998674590175,1.7074735936210002,0.3596110462805036,19.8509157
2008-11-07,4.134117795998129,4.073459659436028,3.8019621024325523,6.705806182363499,1.9007220026104998,0.37992497686157234,18.3969199
2008-11-10,2.6056114766777267,2.2983368704308864,2.852025121461988,5.712430544518501,1.5899622948799998,0.34916972723178236,18.406256
2008-11-12,4.526168641818258,4.518406331163976,4.967613996935332,5.825386101489,1.606572928451,0.3323662656227844,18.6020603
2008-11-13,3.8963106477769687,3.6997622265050016,3.9982045039998333,6.275632662003,1.7860643633555,0.35476777634999557,17.7056408
2008-11-14,6.994651940319705,5.042409636595979,2.5971644859399157,6.7950404960695,1.8705210818409999,0.32753045671859937,17.4247837
2008-11-17,3.305433938082161,2.5726502220723817,1.5007284480371412,6.191175890057,1.6675501463095,0.28630107641845415,16.9366895
2008-11-18,2.264200665261885,2.0549458391489033,1.7467199703778362,5.3271092131545,1.4939493528385,0.29956921830703176,16.3687631
2008-11-19,2.2640021306143407,2.1815416444846933,1.9171620465598103,5.415843404455501,1.5472219514735,0.3061725150307294,16.2727005
2008-11-20,2.9829982744336236,2.5277913916126984,2.7648556701227927,5.90174600515,1.655814007677,0.3416911227197713,15.6199652
2008-11-21,2.8530675715785843,2.582122290661702,2.7337081373882364,6.033514919831,1.686781771241,0.34639977618416296,16.404778
2008-11-24,2.814957856496384,2.416294001380102,2.255979474290643,5.865927359566,1.607622377398,0.3190846562856632,16.430441
2008-11-25,2.4700342660737795,2.3430116724952734,2.912894857374554,5.723371657342499,1.6120297189985,0.3549884865655984,16.8221291
2008-11-26,2.837742725932894,2.5152412587649655,2.5463025141356925,5.9099709884785,1.6335295243819998,0.33001176785436714,17.1609381
2008-11-28,2.6839469258246806,2.454577487787834,3.055251817444478,5.7699944791955,1.603808600407,0.3538305557993957,17.3712494
2008-12-01,2.2540032551105527,2.078803764675321,1.7353533361375346,4.8213301499375,1.4296596162720001,0.29461933064129386,17.9460643
2008-12-02,2.289126940074218,2.0383431675618673,1.4228521492643682,5.240315451389,1.5043356875204998,0.28676378066801345,18.1847109
2008-12-03,2.1031199256746955,1.6116745399352623,0.5893255078687898,5.3059032617805,1.4147101541315,0.24732997337878437,18.7055581
2008-12-04,2.3973788129579754,1.6717183073300164,0.9467068149437096,5.6128876563995,1.474774520991,0.26180219549777367,19.2148165
2008-12-05,2.4171507669300922,1.9532462772731973,1.1074321866240007,5.653298821142,1.5312820632880002,0.2700655168304874,19.308575
2008-12-08,1.704731105427593,1.206514475364563,0.9181085302971377,4.890695196694,1.3268276662115,0.2611079630129887,19.7582771
2008-12-09,1.5608642560441737,1.2323409750533125,0.9398675088402009,4.7911574747220005,1.3487263807814998,0.26118327974265,20.0163251
2008-12-10,1.5308907625831467,1.2798805420196264,1.043829039172494,4.6823330979765,1.354750016957,0.26886912504603566,20.4675246
2008-12-11,1.2112266341118372,1.2938277721464955,1.444702944996935,4.340437709265,1.3187413505995,0.28437659978075314,20.3977998
2008-12-12,2.5882455062950327,2.6686146274902374,2.076546091612291,5.8157752609425,1.6481222403855003,0.317578849693694,19.9782311
2008-12-15,1.9391336403786703,1.6330249086485964,1.7273296010686523,5.152538999194,1.434525799708,0.2912597879902621,19.9179047
2008-12-16,2.1630630247112324,2.129408154163243,2.203674995030942,5.2708673399265,1.54603823514,0.31958061750025657,19.8597991
2008-12-17,2.483842808338715,2.437126054402318,6.354384134917078,5.368191700175,1.533219473312,0.30262451690791814,18.5626611
2008-12-18,4.046932682181051,3.6465606216887894,2.8513683754456225,6.8864855906925,1.8840468909514998,0.34074121239870125,17.8689326
2008-12-19,5.808116551429195,5.270595006850132,2.4490017505028363,7.0807500060935,1.9876219167865001,0.32582533904187505,17.493512
2008-12-22,3.657599804711166,3.582897248833724,5.053329824578027,6.85402364581,1.8611925369815001,0.29506694155202906,17.5336864
2008-12-29,2.960971565423054,2.582058622393039,2.6604732107799953,5.8741424801225,1.710772830886,0.29502006350897964,16.4252849
2008-12-30,2.550043843356572,2.4945141873323498,1.8790619774810295,5.8569548846210004,1.67710156342,0.29600908027052497,15.98975
2008-12-31,4.4709072370354646,4.7701236896958354,5.320794121655299,7.8214824936315,2.241974684845,0.44988648327722813,16.1682307
2009-01-02,2.8294227962361784,3.022758054887823,2.3299215690796173,6.13407459668,1.8121666273489998,0.33180967514313897,15.7261323
2009-01-05,1.5930149255579118,1.6040642692772238,1.511679101233591,4.866112934976,1.4309807546845001,0.2861525861757855,15.656573
2009-01-06,1.3495114445595398,1.3460238121458843,1.2731689203709546,4.601779454343,1.3639904828445,0.27302140435101574,15.5224168
2009-01-07,1.1118941709365455,1.2131190544622756,1.0774718236926366,4.3889713702445,1.345162663467,0.264528180196113,15.2889257
2009-01-08,1.5629170870986973,1.5258917982487197,1.279788564105474,4.805182615502,1.4138592408515,0.27625904234425214,16.0347744
2009-01-09,2.0332298485048077,2.1805442923885687,1.0948332405619736,5.260194986402,1.537619959493,0.26397071637242464,15.8565242
2009-01-12,1.1435201535130541,1.2669878725914339,0.8673733656558265,4.3341584307875,1.3172100349905,0.25811943364345785,15.9747054
2009-01-13,1.1640178515443318,1.0212999897010386,0.4617585721941254,4.3850314802204995,1.290375307374,0.23824339589095378,15.4760643
2009-01-14,1.4091384707657777,1.286989198400516,1.120051238298118,4.6353647412285,1.34844529564,0.2660746010482147,15.6591964
2009-01-15,1.5812589544657278,1.4890402321968634,0.8322424362607733,4.836104170825999,1.4208413267845001,0.2575984449521137,15.2502473
2009-01-16,1.5134349288567146,1.3611187797463584,0.8463287543643131,4.74470512802,1.342631597965,0.2536773307805468,15.3471748
2009-01-20,1.5834853559057092,1.4001944592731461,0.7210884259772461,4.847442676121,1.387410367243,0.25436366377298175,16.8643233
2009-01-21,1.755858748661663,1.7962775690437984,1.1725832856258585,4.997647325792499,1.4719543654265,0.26788089537036375,16.1707563
2009-01-22,1.7584599596527914,1.4805833693761477,0.9251149816471426,5.01437789905,1.4336702598574997,0.25767165966251526,16.065997
2009-01-23,1.5827453463803987,1.6063317317986254,0.9899784821959935,4.8244267265305005,1.402671187346,0.2614837933167176,15.8940497
2009-01-26,1.6420983033231966,1.5577044537348277,0.3364586155337294,4.852485539483,1.4146541564275,0.22912416166408445,16.2710587
2009-01-27,1.7734166491609749,1.7762183720836915,0.8964243304331974,5.0129146925945,1.4371018955925,0.2579605179336527,16.5670678
2009-01-28,1.9500341209538787,1.6767550042663901,1.0077887790132731,5.1693745610905,1.4459999466595,0.2637426434017272,16.6570705
2009-01-29,1.3413561535008787,1.5924867799472793,0.5471092025276142,4.575613113345501,1.3590517017715,0.24507785357474784,17.0341629
2009-01-30,1.3348863184985285,1.291103195561235,1.4450181196397631,4.5738213965835,1.3507657207559998,0.2826118750838203,16.7559832
2009-02-02,0.8060125945510259,0.8428404462250392,0.7938135628273824,4.0558709299205,1.255790467896,0.25796995933698624,16.8438763
2009-02-03,0.8326123503030142,0.9401947192494301,0.7250507842671511,4.079072910364,1.2834069662375,0.2592212721460312,16.0259631
2009-02-04,0.8073108834150158,0.848826372398317,0.736117983825457,4.0500985291945,1.2549266219745001,0.26069086601348085,15.7175274
2009-02-05,1.0790402423983465,1.1390221174733646,0.7332421415203247,4.326565001804999,1.3064109500285,0.25304046177855216,15.677752
2009-02-06,1.186742101014145,1.2436586352273649,0.7754876835593512,4.014067072894,1.2721029287825,0.25043968785902015,15.3221379
2009-02-09,0.6022534526971849,0.8152216131140192,0.9381422894693996,3.843872648156,1.237703493443,0.2611039586066364,15.0968952
2009-02-10,1.1626416566019786,1.1126278504815532,0.7015352516500717,4.2729049200025,1.3187671323145,0.25123189220341674,15.6251757
2009-02-11,0.8765298181817474,0.8526688907646796,0.6285520197302163,4.0638401327945,1.258552435889,0.2456187332742104,14.5849017
2009-02-12,0.8372655459886641,0.8536691139351029,0.4267869298394337,4.1288612484155,1.263644796681,0.24162866645642717,13.9913717
2009-02-13,1.2401343672115976,1.0401213577612525,0.2981172993746066,4.483038606680001,1.298412694791,0.22877603054749335,13.7483163
2009-02-17,0.5050770510669979,0.7244666452845195,0.6318896999013448,3.7569528456379997,1.2196268238124999,0.24715130261332557,14.1149162
2009-02-18,0.7696076466640288,0.8113131269830343,0.42485425088277895,4.0089086637375,1.238523419066,0.2368375282128369,13.6543483
2009-02-19,0.6271255042049124,0.7492556363962611,0.3049335527553083,3.889116710147,1.224395682741,0.2342746997237427,13.975649
2009-02-20,0.814287139104271,0.8857440858515803,-0.08665587796469526,4.0717257733025,1.2625367226535,0.21480924475703028,13.5903519
2009-02-23,0.8370849712332662,1.3214714951970334,0.2144762651171312,4.044464964706,1.2870348586309999,0.22754796979786285,13.5857896
2009-02-24,0.3319282779194019,0.4177917847552346,0.008787578309776894,3.5906269899035,1.136927532423549,0.21967757444656327,13.4429007
2009-02-25,0.6468023785078346,0.7255408003924775,0.2997220566861267,3.910330516219,1.220179696152,0.23185983436847307,13.5524568
2009-02-26,0.25011595681638316,0.5549628168237271,0.07692353510757058,3.492925064935,1.1289335155615001,0.22221777053255554,13.51955
2009-02-27,0.29458738316773403,0.41065702056763687,0.16679502157472298,3.5347159902990004,1.1325625555309902,0.22575179418192942,13.9391663
2009-03-02,0.504397959217356,0.7387635808903857,0.396925977614133,3.772413354525,1.2035714042330001,0.2388967941027194,14.0811781
2009-03-03,0.24210707243366905,0.5490066023232315,0.4929392011102333,3.4936511525025,1.1404952401656907,0.24365885756999725,13.8859
2009-03-04,0.1606272268967283,0.8903353961712924,0.6681626013575404,3.4001769643664996,1.155619857805,0.24771272273778944,13.9063905
2009-03-05,0.5183087687667302,0.8015462472575565,0.10261745698825506,3.6633020865805,1.1851636091,0.21741943134326286,13.8243319
2009-03-06,0.6969988429367812,0.6901723205201831,-0.0918969907360252,3.832345009382,1.1674763654490001,0.21143792286238539,13.4417971
2009-03-09,0.22888473198116868,0.3353046611641233,0.10350245642340199,3.4014990442375,1.0807982466429022,0.21952908772668311,13.2478279
2009-03-10,0.18768747617515097,0.2857181323542839,0.4058661901414951,3.342107148497,1.0965497319591486,0.23398993489941053,13.2095527
2009-03-11,0.9011071720596322,0.583693592599253,0.33531624608755684,3.644566077794,1.1356440459095,0.23307277793441375,12.5675399
2009-03-12,1.9080415260765144,1.7683797628737044,0.8942541572492577,3.839816849995,1.204665951664,0.23463498635694646,12.1967427
2009-03-13,0.5849906392857415,0.5847897479839334,0.645615496388999,3.536765016926,1.131883700826,0.24287832079274418,12.1775309
2009-03-16,0.3108803814575108,0.3088778102789162,-0.06611035283511381,3.40172543031,1.0776202886280002,0.21530659462391438,12.309502
2009-03-17,0.2779791319776384,0.13737118040630164,-0.397672354235055,3.269763832226,1.0286495416934145,0.20094935853426693,12.2699548
2009-03-18,0.8025438887061533,0.9094606151458714,1.2314680032367924,3.771324047168,1.2335249609095,0.2722264835825525,12.1750851
2009-03-19,1.8332588074976746,1.5905932296256404,3.825243773927135,3.490740991765,1.1202821353995,0.23346172876564025,10.873131
2009-03-20,0.6834278122009996,0.6285766865535505,0.17971003378357905,3.6288896756185,1.114626014142,0.2218141248964563,10.4156463
2009-03-23,0.2088202337351497,0.10673230491202422,0.21156784054242703,3.3724040924235004,1.0413424813579901,0.22449982381251093,10.1847166
2009-03-24,0.20598722856525964,0.12845777658627308,0.05027368054397137,3.3035314918205,1.0425418860696156,0.22120744373338652,9.8661935
2009-03-25,0.4864760431556717,0.5450210218788526,0.11339206436457946,3.495380082952,1.0957367989325002,0.22193572620042587,9.61260127
2009-03-26,0.13216914815910263,0.23036475015091026,-0.2946099105437641,3.2302287217484995,1.032879921559394,0.20111366934968877,9.44499334
2009-03-27,0.05894733483407179,0.5146394716062878,0.022444799957482678,3.1565523629775,1.02795137063316,0.20896723157469937,9.10510199
2009-03-30,-0.016852464777743447,0.07936950526966244,-0.11401810680052672,3.1550852776705,1.014267236461525,0.21121681478427956,9.29384459
2009-03-31,0.16562585158452298,0.5925952330728341,0.1289320548345106,3.1817890087545,1.0167289804755653,0.21931866066968547,9.51915939
2009-04-01,0.5281829636258115,0.5971984112842915,-0.12996517666932586,3.513654866554,1.111322806,0.21224888369951783,9.19195968
2009-04-02,0.2359988397670361,0.39048151562720845,0.007176784521902317,3.2188340239795004,1.0454622108845,0.21481192069036592,8.82074336
2009-04-03,0.6009850242121728,0.6843579387760714,0.3255754326360121,3.5312180572715004,1.110133972049,0.22838358419920748,8.87993228
2009-04-06,0.227353114788183,0.0619215021046074,-0.4447079229214864,3.3777100573405,1.0201113897280367,0.1983467895495954,8.80507119
2009-04-07,0.41502626416706867,0.023589335845193123,-0.2424130422655172,3.2991434810384996,1.0109669087471993,0.20843879737578527,8.92382298
2009-04-08,0.005455349238531553,0.07723810726875122,-0.27676117023120606,3.206090976678,1.0165529967373321,0.20434012338667162,8.74818772
2009-04-09,-0.07608447466160775,0.05994118245879319,-0.10061883760460162,3.1615019361664998,1.0431999677836405,0.21350443951852405,8.60996035
2009-04-13,0.15351444210263632,0.3002103082047822,-0.26720030345773826,3.3204141134769998,1.0832843649461126,0.2046003251085151,8.87261263
2009-04-14,-0.17433551960014954,-0.05100999654267466,-0.012558626084037818,3.0600869153875,1.009346524866515,0.21406048925707405,8.62240753
2009-04-15,-0.030780200634877863,0.5343799667551244,-0.17903311085968227,3.053427604379,1.0023001205583935,0.2083832277694165,8.80873639
2009-04-16,-0.1920975973740794,0.0020385649223203404,-0.030123569128803485,3.045541150817,1.0305956526314413,0.21705285522280712,8.32691503
2009-04-17,-0.03282274174763753,-0.016343256451070078,-0.29835130196163023,3.2067206014500003,1.0254095727884365,0.20131675676917882,8.2198146
2009-04-20,-0.2776289599301281,-0.21049292066757183,-0.1590601875032691,2.9505420061664998,0.957962916488377,0.2101874567659417,8.18813625
2009-04-21,-0.20130691207806706,-0.2598689640832496,-0.09663221678427567,2.9951377396125,0.9735957196329168,0.21291783429078803,8.09045017
2009-04-22,-0.13381725499217395,-0.057522652692010824,-0.5461570191693278,3.0960390224329997,0.9836884517015037,0.19280958134638598,8.06041259
2009-04-23,-0.09020604422647224,-0.046436605553280025,-0.3487871362446756,3.148332169741,1.0145224041853376,0.19625346559135892,7.96409365
2009-04-24,-0.00786798110391788,-0.14035230115446534,-0.4943019807820875,3.1650600754085003,1.0215790997276588,0.1863810631238696,7.84722661
2009-04-27,-0.007039559264980097,0.06575029272755595,-0.5641951872940447,3.2481110669935003,1.047989141343,0.1891307069255182,7.80914676
2009-04-28,0.2427426802777039,0.5472613876002502,0.013812307511183845,3.1876117164495,1.0089456586728338,0.20985757534541732,7.73462167
2009-04-29,0.014933305101486312,0.10964516783895976,-0.10803559075070951,3.074652377906,0.9862921142318235,0.20793179214731486,7.55829274
2009-04-30,0.0852478513903538,0.7618882975014944,-0.21007192371682246,3.1025566879465,1.0080497907584685,0.20318429552576237,7.71036467
2009-05-01,0.31170342590407873,0.13688637570074846,-0.296059754094169,3.3675988784355,1.0394759637215287,0.1937243219213466,7.53759201
2009-05-04,2.3004748441098855,2.2884391303204916,-0.44322778564801263,3.069435250932,0.9940591142942705,0.16893594525474626,7.52250296
2009-05-05,0.31250330910295643,1.0130313406851874,-0.6475446134428661,2.910322964075,0.9499771860249694,0.1800577927667411,7.14239409
2009-05-06,-0.2647728065303757,-0.004434653176867953,-0.3014753248535945,2.981390514717,0.9855050104944527,0.1953738165732245,7.13001402
2009-05-07,-0.1983822676210494,0.19433545866044025,-0.32272660883536386,3.0029612484605,0.9932151467815209,0.18726740076678344,7.18460983
2009-05-08,0.06283772088050485,-0.20902105469019414,-0.08317247142818264,2.9951969961784997,0.9822511813313551,0.19529830924969643,6.78431273
2009-05-11,-0.36010970351996974,-0.4323848676106423,-0.8619957270748115,2.8911282164795,0.9169886975806872,0.17203860921907327,6.81750066
2009-05-12,-0.39558546984188525,-0.5582734826778515,-0.5430334443742689,2.8350415480609996,0.9223558963556928,0.18121005294155762,6.94917058
2009-05-13,-0.349600524068866,-0.19985067492356764,-0.3587978887596857,2.8347103064175,0.9357219209940675,0.18991857298664838,6.55165966
2009-05-14,-0.21531766279964767,-0.23465939900814817,-0.6352005070508376,2.9916444432629996,0.9511222306766625,0.17652495288845516,6.39777744
2009-05-15,-0.201371657461818,-0.36447900983137355,-0.7342829208851269,3.0067156809749997,0.9503061066589571,0.1694620360360112,6.12289345
2009-05-18,-0.18862911497250529,-0.37485667678711126,-0.9898570940938535,3.022728492082,0.9169730814510362,0.16771812597412164,6.37785603
2009-05-19,-0.278883228644101,-0.2895897593107054,-0.9547160461411259,2.9652511722745,0.9066526630547018,0.1673498379085534,6.4301829
2009-05-20,-0.40771801023462734,-0.4904147131583474,-0.620784002774623,2.824255648738,0.9089269507634601,0.17995361500477525,6.5811343
2009-05-21,-0.12005414004628016,-0.19265891753549835,-0.6810861475744455,3.0936454437525,0.9608204146414102,0.1740062417871008,5.59544783
2009-05-22,-0.32214007163337366,-0.2881535861614028,-0.820973739304721,2.9184359913135,0.9344327476085487,0.16953775628939685,5.88893591
2009-05-26,-0.4594003711973442,-0.5318649169964471,-0.7244631236921448,2.7853704783359996,0.901174189396763,0.17752746232090294,5.38792465
2009-05-27,-0.4874788114813617,-0.3698302489828916,-0.6149337873946723,2.755523351547,0.9226498041263393,0.18107392606972378,5.59163459
2009-05-28,-0.32410478346339566,-0.38434637344933426,-0.9979071457513241,2.9117843955055003,0.9212108832345933,0.16228762659638368,5.23860872
2009-05-29,-0.5687864947663537,-0.6197445392518504,-0.6773590188561089,2.6744871395435,0.8697484952462003,0.17625577647169338,5.63355798
2009-06-01,-0.48334392415010885,-0.4967596973605809,-0.4739000711769132,2.7389871656900002,0.8999149955400348,0.1836167567589116,5.1308211
2009-06-02,-0.3897186407477353,-0.15041531638497457,-0.6103648447347901,2.790923707512,0.9048095854758591,0.17323347622020382,5.00764128
2009-06-03,-0.5075194070584135,-0.5274464526635357,-0.5985541784539835,2.720330793582,0.875574485529459,0.18276199262698822,5.22718037
2009-06-04,-0.337225226691789,-0.2843101295622474,-0.3475542034007655,2.9102749732465,0.9594495274811516,0.2004864728893897,4.98438443
2009-06-05,-0.4156599525398863,-0.3249200168921177,-0.5689686361261963,2.815525326706,0.9373105827625684,0.18409179679465695,6.50182748
2009-06-08,-0.44879850706512825,-0.5083574593977035,-1.0811123993439684,2.799854992619,0.8963028716014387,0.15952603304600693,6.88520054
2009-06-09,-0.4903288206467027,-0.524791322266793,-1.128650453390029,2.741059123242,0.883230944393567,0.15725494110578092,6.40075477
2009-06-10,-0.38302985338233736,-0.38854762591075176,-0.7419019428751218,2.8559069767440004,0.920306969209099,0.17553684215543539,5.24179319
2009-06-11,-0.2900375650649597,-0.3001927358352832,-0.9431096468025755,2.9457670017240005,0.9397563015859451,0.16503492823993993,5.96626138
2009-06-12,-0.046991915307569715,-0.4875242843546821,-0.9527732614190701,3.1987323297915,0.8952879291286795,0.16328497708587975,5.98069747
2009-06-15,-0.5263079836514271,-0.5190348976098149,-0.7703400604601794,2.721235617812,0.8867233440153228,0.17422861446275645,5.62443877
2009-06-16,-0.35583971242046125,-0.3706421184239988,-0.6943728471868922,2.8787711742305,0.9117945820997251,0.18030190427513654,5.68160567
2009-06-17,-0.45201339066043217,-0.4908174934641195,-0.7556785750028159,2.7820983867424998,0.883032103535095,0.17731433642838074,5.68418129
2009-06-18,-0.2919852093529171,-0.39356028741326626,-0.856022229014811,2.947347645331,0.9087321941334292,0.1709722022678822,5.58358092
2009-06-19,-0.43929292200669473,-0.4501030755204447,-0.9349892802259409,2.8011150870834998,0.8982591906990476,0.16777268310352605,5.46553446
2009-06-22,-0.41831978225594374,-0.5493109072371393,-0.9456534640338394,2.7807478326005004,0.8841119770214676,0.16724279388687951,5.62243922
2009-06-23,-0.4617814875613579,-0.5544499610838608,-0.7798272297256675,2.7260427028885,0.8739496964850894,0.17573175840525868,5.85895774
2009-06-24,0.05401626857123498,0.2840428938147946,-0.5290518354788992,3.1471855115559997,0.9929831391895003,0.18214625180117155,5.19684158
2009-06-25,-0.044872970941413036,-0.23856184567068744,-0.7010946024809154,2.7365678970704996,0.8855679864404313,0.1724095943493888,4.9743047
2009-06-26,-0.41803409125993474,-0.3024487438524856,-1.0441661184738764,2.7086548927875,0.8788112972300073,0.15796730391184965,5.35300134
2009-06-29,-0.7671751573381059,-0.7794869593322038,-0.9163599145704594,2.4777331384015002,0.8310758956031372,0.16617648517173367,5.23565927
2009-06-30,-0.8037965856923338,-0.8497280298984982,-1.0282391316846247,2.436300750824,0.8098986021262519,0.15903689445407462,5.09647965
2009-07-01,-0.7328737434023606,-0.6221021855522135,-1.2315798183704574,2.5049840271605,0.8414667577931717,0.15270693375172292,5.36319733
2009-07-02,-0.46893538678169855,-0.38098686092654527,-1.1418687482724423,2.5950503805605,0.8818531666131783,0.1560458728491047,4.74211861
2009-07-06,-0.6107747750095606,-0.6733481878325659,-0.8112187933135971,2.5795987674255,0.8474486344849357,0.1725222081587049,4.34419543
2009-07-07,-0.649720337134956,-0.6836143936765033,-0.9207578453992722,2.5917647486585,0.8374742141733955,0.1661942168577385,4.62805806
2009-07-08,-0.5114847612886176,-0.30878646886271793,-0.28810704248176494,2.70130850403,0.8892650299703038,0.19225475648845508,4.57488797
2009-07-09,-0.29783345448483944,-0.15084507668923758,-0.8692376446176088,2.6528231415825,0.8692784448210025,0.16868131771974676,4.62356595
2009-07-10,-0.5317232244631052,-0.5324285633410902,-0.8198021055201341,2.6971151180975,0.8821173252118184,0.16885830477352304,4.7880305
2009-07-13,-0.3724301968494775,-0.6143712553223873,-0.9523485109770415,2.6433247717125,0.845465214102758,0.16611835456599497,4.40249159
2009-07-14,-0.3628401357821861,-0.6549384690969283,-0.8552009782355978,2.5479122253125,0.8403794008289878,0.17028128683812976,4.48687018
2009-07-15,-0.605172561556516,-0.6475759605080271,-0.5876568889571838,2.4313916357660004,0.8363367679254108,0.18043499310145672,4.94334829
2009-07-16,-0.5708986931410754,-0.29306815488315163,-0.7878574671257909,2.6045624231085,0.8625310432788538,0.17265870557402216,4.04332376
2009-07-17,-0.5199651147163347,-1.0270347728511573,-1.3998815763900316,2.696287813686,0.8350438055820223,0.1467010268041536,4.59922436
2009-07-20,-0.7387378375427258,-0.7518013768725601,-0.9709290836037682,2.4836263037355,0.8354148550694889,0.16587220481412066,4.57493808
2009-07-21,-0.7519373760963618,-0.7572394561735293,-0.898315231488916,2.4817180442130002,0.8379855200865365,0.1698992273394222,4.8143099
2009-07-22,-0.7987106543566811,-0.7824242798802499,-0.9933674556408113,2.4225087650940003,0.8375158835855835,0.16591388382358419,4.37597093
2009-07-23,-0.6665080402563819,-0.6579724498085039,-0.7287831871684356,2.5562658914945002,0.8547314802879038,0.17478571866077786,4.50152255
2009-07-24,-0.7872162008143626,-0.8555027701341595,-1.1002947820271105,2.452108047832,0.8168996972839038,0.15789469018993102,4.37429
2009-07-27,-0.8489204946077163,-0.8617163656016466,-1.194930246985888,2.384930659507,0.8042970005351977,0.15532781222333283,3.90065927
2009-07-28,-0.8608223034580457,-0.8621443039750509,-0.8681908800283896,2.3606744858135,0.8037417864366615,0.17168649407599607,3.80074839
2009-07-29,-0.6982487715177532,-0.6300383617559238,-0.926151029314996,2.5244188503185,0.841132830177854,0.16993955586975762,3.57864893
2009-07-30,-0.7695660168704578,-0.8028672460188558,-0.9997050221783222,2.4446314277225003,0.8130970128978041,0.16403304257190945,3.85836156
2009-07-31,-0.8238402600116004,-0.7158228626926347,-1.04053456428113,2.4087115211235,0.8403769419653189,0.1611120423941816,4.27966825
2009-08-03,-0.7317934916050908,-0.8143917823457021,-1.4498610518881578,2.5000119514424997,0.8179830180809762,0.14457265848586848,4.12975633
2009-08-04,-0.7482057321877432,-0.7646903231382959,-1.0333224057315402,2.491782455749,0.8253977494773221,0.16236383817354477,3.87620745
2009-08-05,-0.8519390916818338,-0.7193993797933752,-1.0328680365635936,2.386397832938,0.8228622190176635,0.16131075016979535,4.17497875
2009-08-06,-0.7336078408618284,-0.6825982278947026,-1.158673443870839,2.504248895728,0.8522295265010604,0.1577132011595459,4.11871466
2009-08-07,-0.6577736562534066,-0.2899848122061673,-0.8193715651771385,2.488091738312,0.8527223516442575,0.17163903806946884,4.39591983
2009-08-10,-0.8082869613074105,-0.9078974680928845,-1.2377001319492604,2.4260217188505,0.7979974673657888,0.1529197371817103,4.350627
2009-08-11,-1.0390460499432403,-1.0256448268379112,-1.0410531855997487,2.1962194666170003,0.7663854503262297,0.16062734826372457,4.6594047
2009-08-12,-0.8169384418091622,-0.9114653822513257,-1.0817418518475377,2.396732613979,0.7901424685818117,0.1618017538336352,3.71263918
2009-08-13,-0.49225650710185515,-0.5931142266028373,-1.1469077623293353,2.375292604546,0.7993124969303043,0.15854415372776226,4.32470407
2009-08-14,-0.8123049564717719,-0.7245568951659334,-1.177258413690978,2.3754012092580004,0.8077952478056645,0.15715548586781158,5.1409128
2009-08-17,-0.7954573466386381,-0.7334745489072719,-1.1102675609640527,2.4415384549835,0.8344198160478438,0.16122757757031836,5.12079815
2009-08-18,-0.8629258226860291,-0.8666898325509274,-1.2236881429519864,2.3735612566345,0.8061242075609516,0.15490390255878933,5.06024754
2009-08-19,-0.8538379404478419,-0.8420692611633964,-1.163212344265862,2.3671724401335,0.8109736228251702,0.15911145334638993,5.1071531
2009-08-20,-0.8419096332907776,-0.6735728728179939,-1.2800314849492125,2.384599011342,0.8026835824962745,0.1523259850623509,5.14625759
2009-08-21,-0.7962837140213361,-0.7296272508440452,-1.0967793395509549,2.4176242485585,0.8260624372373024,0.15763867205707277,5.34901421
2009-08-24,-0.9064752065929782,-0.9317962100559446,-1.3646691994759426,2.325008687807,0.7868787490138555,0.14714271957602096,5.6223916
2009-08-25,-0.9173552653615674,-0.830230714776417,-1.2041537093531918,2.309981363225,0.7915136283346867,0.15416721628688426,5.07841558
2009-08-26,-0.8462614956332013,-0.8111701142791184,-0.9297347869558598,2.3920100778935,0.8226950640261319,0.16619641455802525,5.29926377
2009-08-27,-0.8254489794932163,-0.7679359331813569,-1.1767476935826555,2.3434702035974997,0.793514341026951,0.1553958674763079,4.96213388
2009-08-28,-0.9108142996512597,-0.9663236829878287,-1.364632489149255,2.3003409954335003,0.7840028540680269,0.1469474327638414,5.38859575
2009-08-31,-0.8837910276737563,-0.9128564822132418,-0.9790425960618538,2.342581130852,0.7919666402279795,0.16338989777400342,5.06269363
2009-09-01,-0.8340782681838184,-0.8374887949962733,-1.0920419655840419,2.3367414331850003,0.7966257177262062,0.1623530049987606,5.82889501
2009-09-02,-0.819654197922521,-0.5161710933649858,-0.8108834090105072,2.3782023241054997,0.8393509319664187,0.17092529531282646,5.56428667
2009-09-03,-0.8052469730870402,-0.6901482523515405,-1.2125485557550821,2.4171896438085003,0.8016204767041188,0.1526030650865794,5.18642706
2009-09-04,-0.7158227643672889,-0.5281930275199631,-0.587605179577405,2.350689523025,0.8173480529568797,0.17554207036310715,5.51587048
2009-09-08,-0.9640787925437815,-0.7631857392576041,-1.149476566872101,2.2396252233235003,0.763599495752205,0.1542871211257748,4.80899788
2009-09-09,-0.9457445789881295,-0.7301255532371609,-1.082286546367975,2.2578843397405,0.7603292475359384,0.15915574131784554,4.47159215
2009-09-10,-0.9101817896781329,-0.8976407591866883,-1.0211722130758878,2.246634079935,0.7786618106291887,0.16208519235897056,4.95472279
2009-09-11,-0.8755647020067961,-0.6793128656165855,-1.3447772576636916,2.337781978172,0.7786945212286902,0.14665166229960902,4.70487989
2009-09-14,-0.44647272811926286,-0.7811889719537117,-0.984375182963791,2.3882596010109998,0.8071956162551872,0.1609455379453844,4.24265165
2009-09-15,-0.7194233134437855,-0.8588828971357934,-1.1104028111511253,2.3623297001075,0.7974655245488131,0.15749121743373107,4.15923343
2009-09-16,-0.9187895574758914,-0.8575928684003199,-1.0889795086543772,2.2987797767160005,0.7767185875548819,0.15748088432196905,4.75011328
2009-09-17,-0.9440467091778824,-0.8543593888391854,-1.0862165510774473,2.2760415970415,0.7914360545373668,0.15757461827232078,4.46005631
2009-09-18,-0.9380511272770417,-0.7607664553548119,-1.1121547121742972,2.287672314459,0.7768985408690005,0.15616608998576537,4.05908892
2009-09-21,-0.9350294963217708,-0.9212906635684696,-1.3308648222099784,2.295556528135,0.7758824296179316,0.15001860703495656,4.49198077
2009-09-22,-0.9900498278727968,-1.0007002246799417,-1.1587245392203138,2.2405889002215,0.7560001580450696,0.15439369427482064,4.11698388
2009-09-23,-0.7607939161633719,-0.8371893526658658,-1.1483823336935297,2.4633194373545,0.8114830260280314,0.15808729423966097,4.01185676
2009-09-24,-1.0083509270966493,-1.1030121807745732,-1.1337512001826966,2.2157515454489998,0.7467641294796237,0.15593380759698705,4.29399231
2009-09-25,-0.8266611730629327,-0.7869176279454746,-1.0864726787152366,2.3899659279304997,0.79867064605875,0.15752720441922513,4.40569721
2009-09-28,-0.7550088442193338,-0.7518220173651267,-0.851936657355168,2.4539509417409997,0.813370014245173,0.1709737841972169,4.68135733
2009-09-29,-0.8636261708054561,-0.8588755897728401,-1.202026590127567,2.362914596051,0.7833509667763736,0.152983373804299,4.72842722
2009-09-30,-1.0475162428731264,-0.9174283970416675,-1.1325264337575627,2.1729315544795,0.7606415826336808,0.15653501328691843,4.50726979
2009-10-01,-1.024873731491372,-1.0498165921820497,-1.2799176799239025,2.20581402973,0.760018022623677,0.15239718417617232,4.29847758
2009-10-02,-0.878790417750275,-0.6790985884552774,-0.7951069133558858,2.3099681920795003,0.7979527906433372,0.1715086574835283,4.09903634
2009-10-05,-0.9518995401407488,-1.090200828354339,-1.1677128238060253,2.2571806139910002,0.7600113430495823,0.15442740074983274,3.91061089
2009-10-06,-1.1293953286362157,-1.3952011110487528,-1.0519536570187509,2.064935815184,0.722496324061378,0.1595550224738065,4.09566274
2009-10-07,-1.02066304468263,-0.8531754555169543,-0.9868269827285353,2.16547850431,0.7432245444868713,0.15694355311715358,4.25785694
2009-10-08,-1.0194846841540013,-0.9095847677880003,-1.1313503806418752,2.195195908848,0.7710181798575619,0.156577145007058,4.15389976
2009-10-09,-0.9784887042848733,-0.6982711775362874,-0.9166023950498065,2.2197603809075,0.7574350467406045,0.16031895294734905,4.005184
2009-10-13,-0.9928957098826419,-0.9559228290165656,-1.1145726236287494,2.219973357172,0.7556602636167262,0.1548209889512698,4.15707601
2009-10-14,-1.032563988760673,-1.0295705663228676,-1.3255813855667773,2.180094070486,0.7421778327160773,0.1469460428466938,3.9226496
2009-10-15,-1.0605032846818616,-1.0967667788782964,-1.0866008780395133,2.149258092801,0.7441924402178508,0.15692131289007427,3.59422684
2009-10-16,-0.9279797519457929,-1.000872089963306,-1.07666117354853,2.2854142290460002,0.7606843026203847,0.15725399808762178,3.51440068
2009-10-19,-0.7967115334031026,-0.8889875816051926,-1.3205202014679087,2.4048481155020003,0.7644619818004343,0.14763817087869596,3.65085435
2009-10-20,-1.028083723174372,-1.0988332030884735,-1.0711406656742002,2.1829386719570003,0.7394837519220794,0.15851008395485414,3.8421917
2009-10-21,-1.0051113252385413,-1.0905011811446665,-1.091815542584422,2.207103172411,0.7355596741968942,0.15616868581458876,3.63233784
2009-10-22,-0.7973424964373551,-0.8933344766578564,-0.9948773214277528,2.3546965344395003,0.8096019754018599,0.1610540160998739,3.61285602
2009-10-23,-0.6335693599457343,-0.626662656185922,-1.5609406971763276,2.4583473412765002,0.7794282382161135,0.13602874363920403,3.73707008
2009-10-26,-0.7660848631038869,-0.9373150561576942,-1.4173558410405325,2.3377909749275,0.7741970608304827,0.14520243686411666,3.53117611
2009-10-27,-0.998330916158232,-1.0459340094713327,-1.401075155894649,2.2344658824655,0.7444003666257479,0.14595042720747015,3.80724402
2009-10-28,-1.048404709174422,-1.012435380364753,-0.9726034671252686,2.201863895287,0.7591703845861513,0.16526827287971163,3.71084891
2009-10-29,-1.030261408113365,-1.0798120446611132,-1.1729914775851509,2.163288740781,0.7474385861253434,0.15517324865401028,3.55883654
2009-10-30,-1.009941072508034,-0.8063110795221031,-1.1799189823649765,2.2050197695079996,0.733517946835785,0.15324760570434068,4.00083172
2009-11-02,-0.7660436380102794,-0.8669055977299893,-1.340839899712574,2.442549821574,0.8017701242980366,0.14890297511753625,3.59480785
2009-11-03,-0.8576488523052668,-0.7794851541019855,-1.310169941461188,2.3535043362134997,0.7717157203722426,0.15360554495527654,3.66229008
2009-11-04,-0.8203629066708613,-0.6465318406723976,-1.0932177024491194,2.4051610400410004,0.8411770517813192,0.16164201812205437,3.65078821
2009-11-05,-0.814661330105957,-0.8638368753270314,-1.63409212324164,2.4209951546255004,0.792273752796582,0.13658548497154338,3.86992424
2009-11-06,-1.034527885537597,-0.8270021362529804,-1.2784563228276564,2.180031393115,0.7738212156525293,0.14853047323346816,4.16126781
2009-11-09,-0.993313245070225,-1.0346488152350326,-1.4470721133826525,2.2248019686905,0.7380748975249312,0.14183432938904636,3.7981922
2009-11-10,-1.0749405634263196,-1.0602220634222925,-1.4909825979100704,2.1501968303799996,0.7372023869301803,0.13928602228391251,3.65308124
2009-11-12,-1.1501500342255384,-0.7140089061030022,-1.132320683275593,2.066691085882,0.7411605448635489,0.15955730772093746,3.46420531
2009-11-13,-1.0701448629756622,0.09313582161056087,-1.1047135348960904,2.1212860785175,0.7672614123891333,0.15799235748758977,3.62459483
2009-11-16,-1.1079044458584695,-0.8326492950857278,-0.9714307240493449,2.1147756908354998,0.7509132183121243,0.1639441069367228,3.91428045
2009-11-17,-1.1512201268454572,-1.0886461052738134,-0.9844634526469599,2.0493022839700004,0.7352120419508101,0.16433142765833034,3.52889522
2009-11-18,-1.1311701265330252,-1.0676711981884315,-1.0559350197142143,2.06441720375,0.750205589961612,0.16150393103115263,3.68723967
2009-11-19,-1.190813715029994,-1.0583811464538602,-0.9999613746117476,2.0275547447639997,0.7483013381697412,0.164990645049163,3.57287261
2009-11-20,-1.0395288643658984,-0.8689052932854794,-1.1600032416491775,2.1727570435025,0.7650270704244283,0.1597080446084509,3.74691046
2009-11-23,-1.0400367137175652,-1.0521780292542693,-1.3189068347854638,2.178299505069,0.7509098703220465,0.1506762371382772,3.67873439
2009-11-24,-1.0598793698024045,-1.054001250623494,-1.1744863909037961,2.13147287435,0.7502668315266514,0.1577680012770583,3.87932241
2009-11-25,-1.0873389982878257,-1.010824245098444,-1.0104845566983565,2.063550555193,0.7481446368312972,0.1624389034127538,3.52614737
2009-11-27,0.22265816030609734,-0.6374709933773361,-0.7706931188623191,2.66177951309,0.8498237275924845,0.17803282250943497,3.82349106
2009-11-30,-0.7041670624792649,-0.9823124287548923,-1.2017618795495968,2.3442660519640004,0.7747884851779405,0.15724134650515648,3.71374488
2009-12-01,-1.129011760833612,-0.8274624872019181,-0.9493085878281591,2.0731708008945,0.747358983928045,0.1672936927645706,3.55219873
2009-12-02,-0.866274549178059,-0.7745083718483856,-1.2698656060126479,2.0668114604075,0.7339801133620181,0.15106954659969118,3.58070489
2009-12-03,-1.0349959954235026,-0.6166390655837365,-0.9309334134102436,2.1445079374239997,0.7640549504045138,0.16556391929538322,3.27245733
2009-12-04,-1.0329703239990848,-0.7560284972688411,-0.9570998414253945,2.1194501450045,0.7755661550128448,0.16296788325441308,3.09596554
2009-12-07,-0.8046470873738193,-1.0172003742502165,-1.430880257455604,2.212063614024,0.7530305341440893,0.14527947827813725,3.3170143
2009-12-08,-0.9528883220111731,-1.1102910197718212,-1.2447500503624245,2.1773840810969998,0.742656687904964,0.15328430707779328,3.16537916
2009-12-09,-0.8626032546719593,-0.8631376931080711,-1.0724806724342837,2.2402434412165,0.7746204768181647,0.16016814662601858,3.10767582
2009-12-10,-0.35979506222244934,-0.7293483916261918,-1.136356674262604,2.2432517924789996,0.7626128050886248,0.15939696335719483,3.59559862
2009-12-11,-0.9758202205919854,-1.0344199865444985,-1.1722371598325654,2.2046353800945,0.7576583505537295,0.15601184894740605,3.3639976
2009-12-14,-0.8961374515464658,-1.0059706206704813,-1.292614515284652,2.3276867030429997,0.769221075382689,0.15227581589345676,3.53298479
2009-12-15,-1.1097962229746487,-1.0745664508923627,-1.0858725044062285,2.1063565962929998,0.7288664658323686,0.16244892990876497,3.15034789
2009-12-16,-0.8712926164688427,-0.2880110058027128,-1.1067599077544419,2.250359381331,0.7789628393289781,0.16119598953343375,3.29166544
2009-12-17,-1.0745133202460189,-0.7228545251033397,-0.8568249872395666,2.1414200639555,0.778511474909835,0.17172885998677676,3.13719152
2009-12-18,-0.851179289982487,-0.9363554590583637,-1.2851588303558392,2.3879347570754996,0.7827006925576014,0.1535003749186108,3.09904129
2009-12-21,-0.9113070956654732,-0.954256528527121,-1.1545033016621864,2.3331370028649996,0.7804893730616319,0.16062494947951145,3.00169762
2009-12-22,-0.84411173476943,-0.8623222004993342,-1.1069478327903608,2.3924345893945,0.8082209205203521,0.16455185706611614,3.19930991
2009-12-23,-0.8569978171870293,-0.8703666446515139,-0.8679837485088879,2.39066519365,0.8149572043960025,0.17152804373060052,4.08461841
2009-12-24,-0.024018943984856198,-0.1243014514985679,-1.108518852006615,3.197132087979,0.9850474434669869,0.1663131647790143,4.51495103
2009-12-28,-0.27457741077898046,-0.3296158762739258,-1.9463353730651163,2.931959293946,0.8466167359349399,0.12675185916309456,3.17894841
2009-12-29,-0.9500816577770739,0.2961834591881324,-0.8062564303746863,2.268992377149,0.8174416041434911,0.17422433107213395,2.80284869
2009-12-30,-0.8160467756374067,-0.8027926059962944,-1.0796220077826133,2.4301116171870003,0.824848028682933,0.1613020134454233,3.10360815
2009-12-31,-0.11657641212530921,-0.17572271043344928,-1.0417251401622476,3.1429489427775,0.9915572586332374,0.1629473845562564,2.94364799
